driverId,name,ssn,location,certified,wage-plan
10,Tricia Young,047-45-5385,"2501 Joseph Mountain Georgefurt, TN 20319",Y,hours
11,Linda Solis,582-57-9023,"1459 Faulkner Forks Apt. 659 North Anthony, IL 17746",N,miles
12,Anthony Smith,199-63-1702,"039 Tiffany Centers Port Evanchester, AL 14891",Y,hours
13,Stephanie Lopez DDS,892-84-6413,"676 Thomas Hills Lake Ashleyburgh, TN 88807",N,hours
14,Hayley Johnson,815-60-3021,"285 Parrish Locks Suite 522 Samuelborough, TN 11950",Y,miles
15,Pamela Chambers,889-10-8497,"673 Leonard Mountain East Paigeside, OH 39125",N,hours
16,Amy Sanders,336-36-2642,"5917 Maureen Flat Josephshire, MN 73396",Y,miles
17,Brandi Garcia,671-94-4604,"2774 Morgan Village Suite 687 Allenview, UT 97263",N,hours
18,Crystal Dyer,463-26-6079,"661 Lisa Trail West Elizabethton, PW 07005",Y,miles
19,Stephen Woods,101-57-6696,"897 Everett Turnpike East Tiffanyburgh, LA 69332",Y,hours
20,Hayden Rodriguez,443-76-9021,"95472 Juan Ports North Autumnmouth, CO 55749",Y,miles
21,Kimberly Wolf,343-45-9181,"123 Gonzalez Groves Suite 955 South Arthurborough, UT 52516",N,hours
22,Christy Barry,224-55-7659,"183 Walker Common East Alyssa, WA 33714",N,miles
23,Lisa Hall,736-71-2598,USNS Webster FPO AA 13066,Y,miles
24,Melissa Moore,543-57-1445,Unit 9171 Box 5541 DPO AA 49679,N,hours
25,Amanda Leonard,789-03-5568,"018 Davila Courts Morrischester, RI 19592",N,hours
26,Shane Anderson,466-65-7542,"399 Mary Estates Jayfurt, KY 17780",Y,hours
27,Reginald Mcmahon,786-93-9655,"05181 Leon Forks Apt. 623 Dianemouth, NH 74357",Y,hours
28,Rebekah Martinez,532-62-1657,"41048 Raymond Prairie Apt. 331 Cindybury, OK 94355",Y,hours
29,Thomas French,836-34-5539,"34881 Olivia Fork New William, VT 39977",N,hours
30,Jessica Jacobs,278-19-0269,"9329 Brian Land Turnerfort, TX 77582",N,hours
31,Angela Harvey,821-23-5037,Unit 2312 Box 7028 DPO AA 71023,N,hours
32,Tracy Houston,400-58-8226,"39057 Jason Flat Apt. 315 Stephenmouth, DE 70119",Y,hours
33,Diana Carter,266-40-2874,"5758 Browning River Apt. 375 West Dawn, WI 21566",N,miles
34,Corey Kennedy,221-66-5536,"111 Young Rapid Suite 879 East Brandonville, PR 08397",N,miles
35,Kyle Burke,449-57-3631,"44290 Brian Run East John, GA 86942",N,hours
36,David Evans,826-05-0690,"7447 Anna Prairie Suite 120 Timothyburgh, TX 82002",N,hours
37,Erin Russell,430-29-1757,"17595 Chavez Lake Conwayhaven, DC 95822",Y,hours
38,Jessica Wolfe,280-29-5322,"PSC 7356, Box 6423 APO AE 55517",N,hours
39,Jacqueline Barnett,168-44-2247,"1322 Susan Key Suite 596 East Madisonton, KS 84632",Y,hours
40,Philip Johnson,049-95-6460,"2234 Stacey Springs Apt. 663 Hernandezton, NH 48056",N,miles
41,Heather Gardner,033-02-3443,"962 Christina Rue Angelafurt, MH 62048",Y,miles
42,Jesse Cunningham,537-87-5844,"174 Brown Ranch Apt. 848 Melindaborough, OH 72859",N,hours
43,Anita Garcia,087-97-3354,"64355 Curtis Union North Andreafurt, WY 41028",Y,miles
44,Kathleen Johnson,084-96-3247,"371 Gibson Bridge Smithmouth, AR 91262",Y,hours
45,Rick Fitzpatrick,161-15-8054,"1317 Howe Roads Apt. 943 Port John, MS 57170",N,miles
46,Tammy Weaver,232-11-1470,"23600 Tiffany Roads West Traciborough, IA 09005",N,hours
47,Deborah Campbell,834-27-2982,"36788 Chelsey Valleys Suite 756 North Randallmouth, NV 86508",Y,hours
48,Teresa Bates,211-54-8124,"104 Garcia Path Suite 801 Krystalside, TN 78724",Y,hours
49,Steven Sanders,873-50-6299,"1469 Kelly Prairie Suite 593 Gonzalezberg, MP 03866",N,hours
50,Matthew Brock,215-15-3261,"465 Welch Cape West Brandyside, NE 69883",N,miles
51,Patrick Lloyd,539-63-3964,Unit 7156 Box 9114 DPO AA 79283,Y,miles
52,Karen Lloyd,242-92-8748,"64717 Jared View Apt. 025 West Joshuatown, AK 55646",N,miles
53,Olivia Mccarty,229-48-8054,"0717 Case Ports Suite 723 South Melissa, WY 18096",Y,hours
54,Tyler Waters,856-96-4468,"45212 Chad Drive Suite 088 Port Thomasland, PW 53135",N,hours
55,David Johnson,295-14-5270,"59038 Boyle Well Suite 267 Zhangside, WV 01249",Y,miles
56,Diane Contreras,169-95-3123,"381 Moore Island West Ashley, WV 84791",Y,hours
57,Shannon Harris,507-29-4588,"66811 Wiggins Coves Suite 686 East Larry, WI 13386",N,miles
58,Donna Wilson,613-31-4568,"8925 Roy Knolls Apt. 656 Lake Richardhaven, IL 00654",N,hours
59,Ashley Hunt PhD,541-28-0752,"PSC 0716, Box 5880 APO AP 26587",Y,miles
60,Sandra Davis,098-78-5580,"PSC 1261, Box 0583 APO AE 01050",Y,hours
61,Dylan Bowman,567-41-8828,"2897 Kelly Square Apt. 968 Reedland, WV 27548",N,hours
62,Karen Anderson,201-35-6888,"846 Austin Parkway West Allisonside, KS 49745",Y,hours
63,Todd Collins,607-24-6180,"64354 Bentley Loop Suite 204 West Kyle, IA 51693",Y,miles
64,Jane Mercado,006-72-6768,"7090 Victoria Hills Apt. 848 Bennettton, FM 53735",N,hours
65,Taylor Craig,893-37-0329,"67349 Kevin Trace Suite 907 Rachelbury, TX 49963",N,hours
66,Amanda Preston,479-10-9247,"PSC 2441, Box 8210 APO AP 93473",N,miles
67,Tim Clark,488-84-6019,"451 Jacqueline Burgs Suite 202 Kennethton, CO 74084",Y,miles
68,Jeanette Lindsey,016-38-4560,"62266 Russell Trail West Harryburgh, IA 07117",Y,hours
69,Alejandro Gonzalez,869-36-2653,"968 Torres Drive Lake Williamburgh, NC 82549",N,miles
70,Alison Vasquez,561-25-0744,"687 Madison Islands Apt. 061 North Lindseychester, KS 10921",Y,miles
71,Christopher Tyler,822-66-3449,"16998 John Drives North Amber, HI 72989",Y,miles
72,Angela Potts,620-63-1888,"56276 Medina Hollow Loriside, OK 69600",N,miles
73,Deborah Briggs,626-73-5734,"19295 Tyler Vista Suite 490 North Kellyfort, PA 93397",Y,hours
74,Kenneth Jennings,021-37-4189,"110 Vargas Motorway Apt. 109 Dixonmouth, NJ 15113",Y,hours
75,Kathryn Abbott DDS,003-34-7311,"542 Burton Common Suite 317 Mendozaburgh, AK 78851",Y,miles
76,Melissa Burns,589-26-2834,"845 Kyle Forest South Joseland, OR 45836",N,hours
77,Christina Day,007-27-5085,"56288 Wallace Crossroad New Jaclynton, ID 48170",Y,miles
78,Theresa Silva,291-57-3855,"12948 Brown Alley New Lisafort, MD 51470",N,miles
79,Paula Clark,332-68-5801,"89763 Clarke Gardens Martinview, MT 34534",N,miles
80,Lori Cooley,123-80-9170,"85616 Denise Summit Lake Karenmouth, CO 05807",Y,hours
81,Cheryl Harper,615-66-9663,"14125 Martha Circles Apt. 950 Ryanview, ND 83213",Y,miles
82,Daniel Henson,610-42-8981,"6915 Wang Bridge Smithmouth, FM 39253",Y,miles
83,David Chen,195-48-1451,"029 Kim Pines Payneside, RI 09914",N,hours
84,Jerry Wong,179-76-8679,"6582 Sullivan Plains Apt. 969 Mckayville, CT 03899",Y,hours
85,Mr. Daniel King,694-59-9134,"92042 Torres Road Suite 799 Baileychester, AS 10809",Y,hours
86,Amy Henry,665-70-4396,"0469 Payne Orchard Apt. 152 Rubenburgh, LA 43503",Y,miles
87,Lori Drake,778-41-2762,"294 Holly Station East Brianmouth, CT 03566",N,miles
88,Kayla Hardy,668-58-6137,"5559 Debra Square Apt. 282 Melissafort, GU 79569",N,miles
89,Julie Brown,554-53-3831,"7454 Thomas Pines Lake Madeline, KS 37007",Y,miles
90,Anthony Hays,561-35-7262,"2993 Joshua Stream Apt. 855 Scottburgh, UT 83142",N,miles
91,Elizabeth Miller,085-93-7943,"9699 Kelly Rapid Rogerstown, PR 37182",N,hours
92,Kaitlyn Townsend,313-58-6718,"712 Samantha Terrace Apt. 816 North Jordan, CA 63643",N,miles
93,Stacy Lawson,695-85-1158,"48247 Derek Curve West Jeffrey, VI 44380",Y,miles
94,Lisa Perez,008-49-0324,"6148 Cooper Run West Jasonmouth, AS 21266",N,miles
95,Stephanie Fritz DDS,698-52-9025,"347 David Hills Port Ernestton, VI 75003",Y,hours
96,Eric Mcdonald,274-99-1276,"0824 Lee Junctions Lake Kristin, RI 50592",N,hours
97,Alan Ryan,806-36-8832,"PSC 8596, Box 7245 APO AA 82606",N,hours
98,Matthew Flynn,814-92-2928,"145 Maria Roads Suite 522 New Jesus, MS 77535",Y,hours
99,Cody Levine,286-04-3624,"6220 John Brooks Port Maria, MA 30525",N,hours
100,Lauren White,633-26-8310,"1983 Hancock Circles Suite 439 East Teresa, KY 71793",N,miles
101,Kimberly Lin,206-64-4784,USNV Meza FPO AA 03586,Y,hours
102,Maria Johnson,753-41-3877,"82702 Crystal Row Suite 084 Adamsfurt, TN 94342",N,hours
103,Dustin Sherman,731-78-7810,"654 Long Green Suite 296 West Andrewmouth, VA 53589",Y,hours
104,Willie Price,374-86-7567,"875 Jacobs Forge Port Jonathanfort, SC 78641",Y,hours
105,Scott Weber,065-56-4342,"0868 Tommy Meadow Apt. 680 West Bryan, WY 20571",N,miles
106,Mrs. Regina Palmer,096-44-3467,"8310 Kayla Island Bonillachester, IL 75843",N,miles
107,Louis Garcia,708-08-3817,"1322 Christina Spur Apt. 561 West Erinbury, ID 29564",N,hours
108,Marissa Blake,226-94-3572,"44084 Thompson Mews Apt. 002 New Chad, AS 87649",N,miles
109,Jessica Stewart,030-33-6592,"53137 Linda Mall Zimmermanfort, KS 77408",Y,hours
110,Kathryn Hawkins,864-74-5630,"01803 Baker Common Apt. 713 Port Caitlinhaven, WA 89767",N,hours
111,John Gonzalez,636-54-8504,"0286 Patton Shores Apt. 016 Tristanport, HI 75375",N,miles
112,Henry Johnson,389-94-5431,"8898 Fox Haven New Williefurt, VA 24684",N,hours
113,Brian Smith,644-65-7096,"039 Freeman Squares West John, MP 61469",Y,hours
114,Julie Reeves,350-17-2647,"44803 Amy Ranch Suite 991 South Rachelfurt, NM 47642",N,miles
115,Matthew Young,427-60-9478,"77489 Paul Canyon Lake Chrischester, NC 58788",N,miles
116,Erica Young,294-02-9938,"2861 Colon Landing Suite 166 Lake Jenniferberg, WY 34489",N,miles
117,Colin Smith,500-04-4783,"72970 Brady Streets Port Melissa, WI 42521",Y,miles
118,Renee Mitchell,372-10-6718,"1534 Melissa Islands Lake Markberg, PR 55171",Y,miles
119,John Thomas,753-15-2345,"74782 Morris Glens Suite 935 Lake Matthew, VT 08149",Y,hours
120,Christopher Allen,406-91-2535,"6617 Anthony Locks Apt. 563 Lake Tiffany, NH 80076",N,hours
121,Andrew Holmes,407-52-9458,"117 Glenda Run Larsonfort, CT 50437",N,miles
122,Adam White,252-98-1165,"46475 Davis Locks Michaelport, OH 24149",Y,miles
123,Tracy Sullivan,331-01-4449,"94852 Amber Island Suite 883 West Stephaniechester, FL 19572",Y,hours
124,Crystal Kennedy,422-32-8124,"9228 Gonzales Dale Suite 698 Thompsonchester, NE 86368",Y,miles
125,Colleen Lawrence,696-10-8732,"6500 Bruce River Apt. 317 Garciachester, NM 52631",Y,miles
126,Cindy Munoz MD,665-26-6870,"189 Fleming Drive Port Tammymouth, VA 28532",N,hours
127,Craig Myers,878-68-3082,"348 Kelley Highway West Jennifer, NH 43300",N,hours
128,Olivia Leonard,346-58-9848,"524 Rachel Tunnel Apt. 420 Lake Carolchester, AS 23429",N,miles
129,Adam Patrick MD,673-02-1586,"40818 David Mount Apt. 662 North Angela, NC 23810",Y,hours
130,Laura Wade,679-92-0220,"39778 Rojas Isle Suite 604 Maryville, TN 18092",N,hours
131,Jerry Romero,765-28-3597,"36202 Jessica Stream Port Brianchester, IL 72406",Y,miles
132,Julia Marshall,543-62-0327,"10421 Adrienne Squares Suite 955 Lake Michaelhaven, UT 03569",N,hours
133,Kelly Weber,152-86-6882,"12392 Harris Lane Lake Jessicachester, WY 79471",Y,hours
134,Cameron James,192-40-4241,"571 Schwartz Divide Port Eric, OH 13896",N,hours
135,Carrie Holt,022-79-3309,"0036 Cooper Neck Chasechester, IN 00825",N,miles
136,Clayton Mitchell,182-02-8135,"25046 Michael Rapids Suite 486 Dennisborough, SC 45310",N,hours
137,Zachary King,542-05-6265,"8778 Shepherd Springs Apt. 286 Sandrabury, AZ 42320",N,miles
138,Morgan Alvarez,575-88-8552,"60492 Meagan Walk South Melindaview, MD 67310",Y,miles
139,Mitchell Johnson,011-11-2486,USS Mathews FPO AE 08878,N,hours
140,Ryan Copeland,022-22-1521,"84607 Kurt Prairie West Vicki, SC 45363",N,miles
141,Mary Cunningham,681-28-7366,"892 Amy Brook Suite 832 East David, PW 01266",Y,miles
142,Jennifer Harris,486-27-5001,USNS Bentley FPO AP 94909,N,miles
143,Sheila Frank,244-36-6779,"9003 Jamie Valleys East Robinchester, ME 48959",N,miles
144,Christopher Banks,521-83-9359,"039 William Glens Apt. 000 West Lindsey, IN 79266",Y,miles
145,Matthew Cortez,148-80-9922,"1554 Gamble Mission Hallport, KY 33859",Y,hours
146,Jennifer Castro,604-22-2905,"2215 Joseph Trail Williammouth, VT 87040",Y,miles
147,Ashley Lopez,836-07-8049,"4948 Jennifer Flats Apt. 400 North Jamiemouth, PR 87352",Y,miles
148,Miss Miranda Eaton,752-34-3754,"52633 Kramer Curve Suite 928 Port Jennifer, GU 15701",N,miles
149,Michael Chavez,733-14-2347,"56042 Horne Locks Lake Jimmy, IL 02919",N,hours
150,Hannah Gonzalez,221-76-9643,"84725 Ricky Loaf Apt. 676 Morganside, SC 35744",N,miles
151,Steven Friedman,302-16-3262,"3788 Melissa Locks Suite 087 Port Derekfort, VI 83097",N,miles
152,Crystal Spencer,889-13-4096,USS Flores FPO AP 98974,N,miles
153,Craig Rodriguez,472-19-6545,"38791 White Roads Apt. 714 North Michael, DC 70942",N,hours
154,Caroline Padilla,340-61-1917,"9345 Perry Oval Apt. 588 Brookstown, WV 49882",Y,hours
155,Susan Smith,659-98-7982,"5021 Thompson Overpass Moniquefurt, HI 22183",N,miles
156,Elizabeth Woodward,522-33-9891,"9862 Morales Fall Apt. 429 New Brandon, WA 14668",N,miles
157,Sharon Sosa,693-99-3692,"29339 Christina Ramp South Barbarachester, ID 57279",N,hours
158,Robert Young,550-40-4738,"378 Kim Pines South Nathan, ND 66637",Y,miles
159,Peter Smith,543-35-7756,"2515 Lawson Rapid Thomasville, MI 73621",N,miles
160,William Harvey,039-66-8147,"63607 Jimmy Expressway Apt. 107 Cainside, FL 27086",Y,hours
161,David Smith,564-31-5964,"49667 Gregory Trace Apt. 894 Port Angela, NY 91414",N,hours
162,Nancy Adams,819-09-8174,"2351 Lauren Key Lake Kellytown, DE 95216",N,miles
163,Dr. Austin Wilson,120-97-4867,"06740 Bridget Mount Barbaratown, MP 78743",N,hours
164,Alexa Faulkner,557-49-2964,USS Rodriguez FPO AP 50920,Y,miles
165,Ryan Baker,101-94-6179,"586 Kirby Mount Apt. 023 Aliton, CA 18239",N,hours
166,Levi Reynolds,208-65-6014,"337 Sandra Overpass South Leslie, ND 71454",N,miles
167,Ryan Salazar,789-30-9854,"45880 Angela Islands Port Kim, AK 48723",N,hours
168,Kelly May,047-18-8611,"01711 Huffman Course South Colleenland, SC 62260",Y,miles
169,Jamie Brown,180-25-3591,"9232 Reed Spur Lake Stephenbury, LA 28927",Y,miles
170,Colton Wiley,781-94-6613,"971 Bernard Lodge Suite 812 Phelpsfort, NV 56313",Y,hours
171,Nicholas Sanchez,545-96-4577,"7745 Daniel Vista Suite 071 Melvinville, VA 65598",Y,miles
172,Brandy Crawford,155-04-7919,"33925 Karen Parkways Apt. 997 New Jodichester, NE 22439",N,miles
173,John Lewis,326-82-0834,"PSC 3887, Box 7411 APO AA 44891",N,miles
174,Joseph Grant,138-09-2916,"11907 Brett Ways Anthonyberg, PA 47869",Y,hours
175,Dawn Mcdonald,545-51-5311,USS Delgado FPO AE 72251,N,hours
176,Dr. Kelly Keller PhD,580-88-7106,USS Sullivan FPO AE 39219,N,miles
177,Dawn Richardson,153-37-4999,"4995 Wiley Harbor Diazmouth, NC 11790",Y,miles
178,Angela Wells,271-73-0211,"9460 Elizabeth Crescent Apt. 907 North Cherylport, OH 64406",Y,hours
179,Michael Sherman,575-53-8084,"26065 Huynh Island Apt. 135 Port Karenville, WA 54297",Y,miles
180,Steven Lee,237-09-7077,"1645 Jeanette Walk Suite 832 Jenniferchester, MD 48327",N,miles
181,Kenneth Edwards,073-56-6541,Unit 1803 Box 0848 DPO AE 89605,Y,miles
182,Diane Collins,287-44-5438,"11599 Leblanc Tunnel Suite 000 Garcialand, MN 24806",N,miles
183,Mr. Michael Heath,110-75-7371,"84963 Jocelyn Turnpike Lake Zacharystad, TN 31342",N,miles
184,Jeffrey Anderson,776-57-0474,"71641 Brown Springs New Laceyfurt, AR 05506",Y,miles
185,Samantha Peters,114-57-2806,USS Rangel FPO AP 90685,N,miles
186,Wendy Strong,567-90-3617,"8145 Sherry Fort Kramerberg, PW 57967",Y,hours
187,Diana Snyder,793-45-6934,Unit 8293 Box 3115 DPO AE 37631,Y,miles
188,April Lowe,262-44-9397,"96475 Stephanie Trail Jimenezmouth, NC 81700",N,hours
189,Michael Schmitt,439-61-5444,USNV Morris FPO AA 52316,N,hours
190,Denise Montgomery,585-67-5879,"37594 Pace Meadows Apt. 632 Hillshire, SC 29350",N,miles
191,Katie Ortiz,271-66-9815,"728 Marsh Spring New Deniseville, MT 35618",N,miles
192,Brandy Brown,293-99-8983,"474 Sheila Shore Summersmouth, UT 97710",Y,hours
193,Dr. James Gilbert III,259-49-6600,"4324 Rebecca Courts Suite 919 North Christopherview, FL 85970",N,hours
194,Rhonda Berry,457-26-2485,"7247 Kathleen Branch Suite 915 Paulberg, RI 24106",N,hours
195,Leslie Patterson,242-78-4617,"306 Patricia Well Carrillochester, PW 12956",Y,miles
196,Brenda Winters,596-17-7148,"62777 William Loaf Apt. 135 Johnsonhaven, IL 93862",Y,miles
197,Troy Kennedy,164-24-1010,"908 Jenkins Roads Lake Scottborough, AK 12401",N,hours
198,Frank Fitzgerald,796-85-0973,"045 Murphy Groves North Ronaldton, MD 53154",Y,hours
199,Jillian Clark,854-25-3607,"47275 Myers Ports Suite 448 Aaronshire, MD 50565",N,miles
200,Patricia Romero,237-54-3250,"39403 Gregory Ferry Apt. 404 Jeremiahfurt, MD 92352",Y,hours
201,Jesse Camacho,490-76-0996,"3207 Flores Lane Suite 076 West Seanfort, TN 15618",N,hours
202,Edwin Brooks,259-58-0479,Unit 8837 Box 2314 DPO AE 11782,Y,hours
203,Lauren King,508-09-4478,USS Ruiz FPO AA 06943,Y,hours
204,Christopher Rivers,616-57-9522,"49058 Wright Oval Lake Jennifer, ID 58858",Y,miles
205,Eric Cooley,619-75-7159,"55329 Keller Island Suite 906 East Emily, PA 69516",Y,miles
206,James Travis,286-18-7642,"398 Thomas Highway Cameronborough, AL 79550",Y,miles
207,Joshua Bishop,709-92-1533,"1461 Herbert Stream Apt. 924 Port Timothy, TN 26380",N,hours
208,James Sutton,060-25-5776,"61069 Heather Port New Donland, MT 09200",N,miles
209,Matthew Rowe,182-99-7341,"21595 Ashley Crossroad Apt. 524 New Scott, CO 30788",N,hours
210,Kathryn Hanson,429-63-3916,"05923 Corey Canyon Suite 315 Lake Angelaborough, ID 20664",Y,hours
211,Katie Baker,756-04-1864,"40497 Angel Mission Suite 910 Lake Jillland, MI 91460",N,miles
212,Rachel Mason,800-58-0317,Unit 4920 Box 9724 DPO AE 94022,N,hours
213,Mariah Bernard,188-82-9015,"060 White Parks New Lauren, FL 67005",N,miles
214,Keith Ward,333-13-1599,"461 Johnson Ridges Suite 472 Port Sherry, AS 16290",Y,miles
215,Joshua Parks,730-37-8849,"91116 Zachary Knolls Suite 607 Laurenland, RI 13837",Y,hours
216,Patrick Mcdonald,319-95-4581,"6667 Rebecca Throughway Apt. 169 Ramoshaven, OH 05739",Y,hours
217,Stephen Brady,197-85-3557,"13598 Gonzales Turnpike Port Nicoleside, ID 43050",Y,hours
218,Christopher Jones,114-35-4457,"20087 Chelsea Stream Suite 431 East Kennethchester, GU 96440",Y,hours
219,Thomas Nunez,218-12-1160,"49077 Todd Estates Suite 980 North Matthew, GU 61549",Y,miles
220,Pamela Ross,862-83-2253,"914 Ortiz Cape East Aliciaborough, OR 61056",N,miles
221,Melanie Lane,810-96-7655,"691 Mark Oval New Andrewview, VA 76211",Y,miles
222,Deanna Gallagher,358-73-6982,"415 Andrea Mission Lake Gina, IL 93968",N,hours
223,Christian Wiley,277-44-1292,"8548 Ronald Estates Suite 962 Weissmouth, VI 15929",Y,hours
224,Shaun Wolf,330-36-2569,"1507 Christopher Street West Joannshire, SC 47693",N,hours
225,Haley Williams,722-68-1596,"374 Christina Shores Suite 883 Gardnershire, OH 72360",N,hours
226,Jenny Cordova,820-16-9503,"15883 Richardson Points Suite 463 Andrewville, SD 67246",N,hours
227,James Scott,622-34-6801,"066 Miller Estates Suite 767 East Ambermouth, GA 29133",Y,miles
228,Miss Kaitlyn Morales DDS,309-23-5382,"5442 Brian Dam Suite 396 Port Nancyfurt, PR 11901",N,miles
229,Alan Hernandez,528-11-3935,"063 Kennedy Expressway Apt. 075 North Brandon, FL 32972",Y,miles
230,Patricia Jones,767-40-0680,"464 Parker Way West Theodore, NC 12932",Y,miles
231,Larry Harrison,767-48-2739,"32662 Stewart Passage West Timothyview, MH 09098",Y,miles
232,William Chung,767-49-4668,"PSC 4267, Box 3696 APO AE 13883",N,miles
233,Nicholas Willis,584-29-4850,"519 Suzanne Lodge New Reginafort, PA 93434",N,miles
234,Alicia Mcdaniel,081-44-0034,"1545 White Bridge Suite 863 East Brooke, TN 91342",Y,miles
235,Christie Bell,350-50-8717,"766 Clark Lane Sandersfurt, GU 35563",Y,miles
236,Madeline Bell,618-73-7559,"17165 Sherry Highway Apt. 061 East Alexandrachester, ID 25545",N,miles
237,Brian Lopez,756-84-4845,"200 Christensen Inlet Suite 004 Lake Emily, WI 81022",Y,hours
238,Donna Duncan,371-47-4087,"5109 Sara Manors Yangstad, GA 24989",N,miles
239,Caitlin Byrd,218-95-1201,"25219 Webb Orchard Apt. 597 Patriciaview, OR 44555",N,miles
240,Krystal Ferguson,513-18-9708,"12223 Lee Manors Stephenton, NM 85113",N,miles
241,Joseph Russell,572-55-1244,"06363 Miller Parkway Suite 708 Mcdanielborough, OK 67747",N,miles
242,Christopher Hall,563-28-3319,"860 Obrien Ramp Apt. 728 Jasmineshire, MO 67816",N,miles
243,Kyle Smith,898-25-9771,"32552 Williams Hills Suite 717 South David, IL 42245",N,miles
244,Taylor Phillips,118-04-3487,"8107 Obrien Mission Apt. 683 North Jamie, MP 11479",N,hours
245,Martin Floyd,263-52-2476,"56060 Dalton Inlet Suite 456 West Linda, OH 56813",N,miles
246,Cheryl Moses,420-84-5240,"08372 Roberts Street Suite 592 Danielside, AZ 30682",Y,hours
247,Craig Parker,392-90-7785,"PSC 6893, Box 0181 APO AA 29337",N,hours
248,Cynthia Miller,079-56-0518,"9448 Alexander Trafficway Port Anita, VT 55139",Y,hours
249,Terry Bradshaw,629-52-4663,"319 Lambert Forest Suite 920 North Kimberlyville, GA 99853",N,hours
250,Ryan Davis,441-16-2404,"36799 Kelly Junctions Suite 886 West Robert, PR 28329",Y,miles
251,Adrian Smith,673-86-0570,"884 Williams View East Tracihaven, NY 02448",N,miles
252,Peter Arias,281-10-9931,"8988 Anderson Crescent Apt. 943 Lake Maryview, MA 59999",N,hours
253,Louis Bradley,696-87-1420,"41063 Walter Pike Suite 600 Patriciatown, VT 87562",N,hours
254,Charlene Hall,210-92-1241,USCGC Johnson FPO AP 78458,Y,miles
255,Keith Castillo,464-70-3867,USNS West FPO AP 06299,N,miles
256,Anna Martin,871-23-8154,"8022 Whitney Park New Markburgh, CA 24764",N,hours
257,David Smith,151-53-6248,"695 Robert Plaza South Samuelstad, CT 52004",N,hours
258,Kristy Bennett,497-71-3916,"137 Brown Burg Suite 923 West Cassandra, OH 62580",N,miles
259,Veronica Johnson,860-05-3712,"47753 Brenda Junctions Apt. 464 Boonefurt, SC 97928",Y,miles
260,Stephen Sawyer,280-40-7228,"76736 Potter Estate Suite 397 Heatherberg, ND 84859",N,miles
261,Joseph Castro,014-50-1801,"732 Castillo Throughway South Destiny, DE 08384",Y,hours
262,Matthew White,887-33-9244,"0145 Ellis Roads Apt. 528 Jillianstad, CA 23910",N,hours
263,William Curry,534-75-0065,"810 Mitchell Island South Robert, CT 04932",Y,hours
264,Nina Irwin,109-52-7668,"669 Munoz Plaza Lake Anthony, MD 05177",N,miles
265,Lori White,886-44-6423,"16233 Jeremy Mount Youngmouth, WV 75189",Y,hours
266,Eric Scott,837-75-3890,Unit 4037 Box 6271 DPO AP 14844,Y,miles
267,Alex Krause,816-81-0747,"66348 Oscar Pass Suite 638 Port Valerieport, SC 62409",Y,miles
268,Brandy Ward,439-45-3526,"0714 Blake Spring Clarkeport, RI 13453",Y,miles
269,Lori Alvarez,692-32-7764,"86216 Clayton Street Suite 659 Paceland, AL 77281",Y,hours
270,Kevin Smith,777-63-0526,"1914 Erica Squares West Tommychester, WA 44837",Y,hours
271,Robert Wallace,248-99-4530,"39130 White Via Moralesport, KY 30927",N,miles
272,Garrett Haley,595-48-8701,"9688 Matthew Trafficway West Victoria, ND 91867",Y,hours
273,Katie Tapia,287-07-4062,"838 Manuel Vista Suite 300 Lake Daniel, NC 13030",N,hours
274,John White,059-83-6351,"32070 Gross Ridge Apt. 046 Robertmouth, NY 48968",Y,hours
275,Kevin Snyder,035-22-4237,Unit 1620 Box 3392 DPO AA 39089,Y,miles
276,Jacob Palmer PhD,142-27-1811,"24007 Meredith Unions Port Hannah, UT 12853",Y,hours
277,William Russo,625-53-7665,"05814 Daniels Loop Apt. 476 Harrisberg, ME 85283",Y,miles
278,Michael Wilson,410-29-9091,"3079 Pittman Grove Apt. 246 South Leetown, AS 55915",N,miles
279,Mary Thompson,701-81-3995,"12606 Edwards Walk Suite 362 South Jenniferville, MN 15592",Y,hours
280,Michael Ramos,554-91-7662,"899 Taylor Avenue East Travisberg, IL 36150",Y,miles
281,Joshua Martinez,269-70-0558,"306 Sanchez Parkway Sarahview, MD 57830",N,hours
282,Christine Smith,583-57-9020,"20369 Hall Ports Suite 745 Hillland, VI 40470",Y,miles
283,James Ingram,576-96-1616,"559 Carlson Shoal South Brittanyville, MA 92916",N,miles
284,Deanna Miles,709-48-2337,"35408 Anita Prairie Port Anthonyberg, ID 85781",Y,miles
285,Scott Hayes,014-49-4945,"3014 Paul Spring Suite 644 North Luis, TX 31488",N,hours
286,Michelle Bartlett,777-18-0651,"2996 Frank Squares Suite 571 North Aprilside, AZ 13854",Y,miles
287,Ashley Buchanan,555-31-6579,"23586 Jason Creek Chavezmouth, TX 60455",Y,hours
288,Jacob Stuart,065-46-9312,"307 Perez Plains Suite 287 Lake Christopher, FM 85319",Y,miles
289,Kenneth Allen,858-22-2674,"939 Richards Stravenue Michellefort, VT 03497",N,miles
290,Stacy Murphy,654-36-1847,"3629 Lori Hollow Lake Davidchester, HI 74070",N,miles
291,Kathryn Bennett,489-40-2557,"365 Cardenas Cape Suite 561 East Erinmouth, OH 88363",N,miles
292,Gregg Diaz,027-69-5815,"584 Johnson Road Morganchester, GU 24744",N,miles
293,Cheryl Sawyer,192-89-2016,"14404 Campbell Passage West Amanda, OH 51615",N,miles
294,Jessica Franco,329-85-9421,"6473 Sharon Alley Apt. 326 Calhounchester, MD 74667",N,miles
295,Gerald Gibson,430-53-7068,"000 Corey Wells Gallegosshire, LA 98914",N,hours
296,Donna Holmes,752-51-9833,"02415 Fernandez Neck Yatesberg, MO 86149",Y,miles
297,Diana Perez,678-74-5459,"56409 Jason Lakes Apt. 021 Lake Lisafort, SC 15048",Y,hours
298,Jessica Conrad,104-76-3316,"4158 Richard Ridges West Lisaburgh, ME 91448",N,miles
299,Tina Huffman,610-80-5722,"354 Duran Forest Suite 672 South Danamouth, MA 14477",Y,miles
300,Zachary Calderon,009-26-7837,"966 Castillo Place Port Zacharyshire, AS 31173",Y,hours
301,Charles Chan,082-60-7587,USCGC Valdez FPO AP 83423,Y,miles
302,Beth Perry,255-60-5784,"349 Martinez Extension Apt. 969 Port Jenniferfurt, GA 54349",Y,hours
303,James Graves,514-68-2253,"40607 Morgan Pine West Waltershire, PA 06913",Y,miles
304,Christopher Meyers,047-13-2790,"13083 Leslie Lodge Apt. 085 Johnhaven, WA 01204",N,miles
305,Kim Reed,365-16-0928,"3059 Flores Point Apt. 586 Daltonbury, OR 09113",N,hours
306,Melissa Alexander,189-24-7597,"93809 Cooley Shoals Apt. 436 Goldenburgh, AR 40169",N,hours
307,Corey Valentine,393-76-0949,"1929 Wilson Springs Rothburgh, ND 85279",N,miles
308,Michelle Byrd,532-60-9881,"29751 Chelsea Cliffs Suite 799 West Johnton, DE 54325",Y,miles
309,John Martinez,633-31-2597,"519 Perry Way Suite 485 North Kaitlyn, RI 19647",N,hours
310,Andrea Taylor,637-16-8258,"757 Walker Overpass Michaelton, MN 59201",N,miles
311,Cynthia Velasquez,101-46-1702,"36476 Benitez Land Suite 071 Simsberg, AR 48494",Y,miles
312,Jamie Benson,488-48-4448,"0421 Drew Orchard Raymondborough, NC 81210",Y,hours
313,Clayton White,028-30-3898,"PSC 9781, Box 0634 APO AP 45273",N,miles
314,Jeremy Turner,351-71-8040,"PSC 3324, Box 4987 APO AE 90712",N,miles
315,Nicholas Mendez,841-76-9125,"0735 Adam Club Apt. 431 West Alisonhaven, VT 12988",N,hours
316,Sharon Garner,744-14-7058,"52622 Robert Fort South Jennifermouth, CT 75029",N,miles
317,Ryan Roberts,144-37-6246,"903 Justin Hollow Suite 021 Richardberg, MS 19948",N,hours
318,Ronald Schneider,849-17-2235,"760 Stephen Row Suite 252 Cristianfurt, NC 53958",Y,miles
319,Andrew Williams,114-71-4518,"6491 Raymond Expressway Suite 150 West Christopher, SC 12288",Y,miles
320,Stacie Harrell,669-92-8518,"800 Jones Avenue New Susan, IA 50884",N,hours
321,Christine Navarro,722-61-3717,"96805 Brian Burgs Apt. 060 Normanstad, FM 35114",Y,miles
322,Jonathan Rodriguez,113-96-0547,USCGC Adams FPO AP 85309,Y,miles
323,David Black,571-15-7908,"342 Steven Point Teresastad, UT 93869",Y,hours
324,Erik Garza,388-88-1805,"4057 Michelle Field Anneberg, HI 29559",N,miles
325,Bonnie Baker,761-54-5140,"943 Connie Parkway Johnsonchester, NY 40535",N,miles
326,Craig Rich,743-20-7248,"94434 Martinez Islands South Daniel, WA 38537",N,hours
327,Lauren Thomas,121-16-3043,"22683 Hernandez Spring Apt. 825 Fergusonton, KS 35909",Y,miles
328,Molly Bean,357-24-3997,"943 Bishop Mall Suite 014 West Adam, ID 49742",N,miles
329,Jessica Hardy,515-81-4915,"744 Pitts Orchard Apt. 099 West Christopherstad, LA 70758",N,miles
330,James Camacho,311-40-7059,"99162 Wilson Creek Apt. 567 Briannashire, AL 85765",N,miles
331,Tanya Graham,670-63-7849,"1687 Matthew Valleys North Ernesthaven, ME 60961",Y,miles
332,Jacqueline Harris,280-05-5521,"8449 Cunningham Estates Suite 344 Watersmouth, PW 79039",Y,miles
333,Brian Johnson,865-54-3129,"89816 Joshua Locks New Amber, DC 25305",Y,miles
334,Charles Ellis,377-41-0997,"1557 Johnson Isle New Derrick, KY 31946",Y,miles
335,Ronald Mays,011-36-9519,"2237 Michael Valleys Apt. 499 Gordonmouth, FL 65916",N,miles
336,Victor Rodriguez,075-51-9213,"841 Rodriguez Ridge Saraport, KS 98879",Y,hours
337,Linda Brewer,270-12-9969,"672 Greg Greens Jonesfurt, RI 59894",Y,hours
338,Jonathan Cervantes,326-39-2474,"33650 Cunningham Harbor Apt. 614 Lake Jesseland, PW 89111",Y,hours
339,Lori Shelton,127-92-4097,"598 Teresa Crossroad Apt. 458 South Donnaside, AR 07741",N,hours
340,James Gallagher,160-44-4296,"PSC 5943, Box 2752 APO AP 56216",N,miles
341,Arthur Yates,224-15-5965,"0297 Kelly Valley Apt. 834 East Kelly, KY 66621",N,miles
342,Pamela Sampson,508-89-9230,"0372 Cory Valley South Jessicaside, WI 92493",N,miles
343,Robert Ruiz,290-48-1485,"840 Thompson Villages North Lorishire, CO 70335",Y,miles
344,Kevin Abbott,411-09-9380,"1831 Ochoa Street Apt. 567 Johnsonborough, AR 78333",Y,hours
345,Douglas Schmidt,552-38-7516,"345 Munoz Rapids Suite 341 Cervantestown, MT 00689",N,miles
346,Melissa Fischer,332-74-9138,"32896 Russell Court Adrianbury, NJ 06361",Y,miles
347,Sean Sanchez,427-97-7046,USCGC Hernandez FPO AE 78101,Y,hours
348,Robert Bailey,134-95-9597,"7469 Miranda Harbor Randallburgh, OK 68660",N,miles
349,Don Anthony,423-43-0716,"42559 Trevor Island Apt. 899 Port George, MH 48374",N,miles
350,Brittany Davis,385-60-3236,"62860 Hoffman Wall Stewartmouth, MA 79469",Y,hours
351,Jennifer Davidson,602-06-0370,"546 Jones Via Lake Kimberly, AK 45467",Y,miles
352,Patrick Thomas,747-69-2762,"212 Kathryn Knolls Apt. 787 Caitlinside, NE 77103",N,miles
353,Adam Spencer,221-22-8674,"5457 Price Cliff Apt. 812 New Rebeccashire, VI 17140",Y,hours
354,Ashley Black,138-60-2862,"6634 Gonzalez Greens Apt. 068 South Kristina, AZ 72089",N,hours
355,Heather Wiley,063-38-5071,"571 Miller Forge Colemanburgh, NY 90354",Y,miles
356,Amanda Sanchez,679-05-3981,"2816 Garcia Terrace Apt. 990 North Melissaside, GA 59837",Y,hours
357,Janice Carrillo,059-42-9967,USCGC Fisher FPO AA 74013,Y,miles
358,James Yoder,476-13-8245,"PSC 0675, Box 1060 APO AA 66954",N,hours
359,Jared Sanders,633-95-3360,"333 Fletcher Roads Andrewton, KY 60491",Y,miles
360,Michael Reynolds,760-20-9613,"3483 Joan Key Apt. 741 New Jamesfurt, NE 27455",N,miles
361,Victoria Brewer,197-62-7573,"791 Waller Glen Apt. 268 West Amandamouth, NV 78634",N,miles
362,Jordan Irwin,314-33-0416,"221 Laura Creek Suite 909 South Jamesbury, AL 44243",N,miles
363,Sophia Johnson,473-47-2610,"0884 Haynes Course West Jessica, AL 23965",N,hours
364,Charles Lopez,582-01-8368,"61991 Powell Run Apt. 386 Lake Bradleyfurt, AL 93779",Y,miles
365,Jeffery Brown,057-53-7425,"PSC 3596, Box 9799 APO AA 19959",Y,miles
366,Laura Phillips,235-58-9222,"1620 Manuel Springs New Amychester, VT 65103",Y,hours
367,Carmen Perez,120-02-1817,"80099 Long Roads Hillstad, KY 90752",Y,hours
368,Barbara Oconnor,414-94-1205,"01444 Michael Ville Apt. 702 Lake Reginald, MS 67525",Y,hours
369,Kelly Martinez,021-43-8018,"668 Thomas Meadow Apt. 022 Robinhaven, WY 00675",Y,miles
370,Cindy Vargas,570-87-6836,"50080 Wang Drive Suite 425 Osborneport, RI 80873",Y,hours
371,Patty Lewis,726-62-3900,"069 Hall Mill East David, OK 29834",N,hours
372,Darrell Newman,464-42-4378,"94994 Juan Trail Suite 994 Jamesland, TN 54166",Y,miles
373,Charles Santiago,192-12-5448,"78762 Kent Mount Barnettview, RI 96337",N,hours
374,Stephanie Nunez,363-36-7148,"14022 Mark Inlet Andreamouth, CA 63367",Y,hours
375,Tracy Humphrey,003-36-2807,"15892 Frost Pine Lake Julialand, OK 43256",Y,miles
376,Diane Ward,274-32-9968,"60085 Burns Extension Suite 694 South Karenburgh, AL 41842",Y,miles
377,Tabitha Garcia,545-29-7958,"68595 Carrie River Suite 642 West Michaelport, SC 43654",N,miles
378,Kristen Taylor,186-41-4051,"21467 Reed Common Apt. 058 Williamsshire, ID 87846",Y,hours
379,Chad Anderson,787-70-0445,"8717 Leah Turnpike North Cindy, AK 24358",N,hours
380,Brianna Alvarez,002-40-5505,"309 Reilly Locks Apt. 092 Bonnietown, DC 21109",Y,miles
381,John Patrick,069-62-8809,"0732 Stephens Mountains Apt. 091 Reedmouth, WA 51670",N,miles
382,Brandon Thompson,852-18-6121,"6154 Christopher Roads Kevinview, SD 97638",Y,miles
383,Dustin Shelton,506-54-4251,"1497 Hoffman Burg Apt. 998 Port Patriciaborough, CA 72219",N,hours
384,Julie Peterson,244-28-9272,"7010 Johnson Harbors Suite 347 Jeffreychester, SC 14731",N,hours
385,Crystal Lopez,356-97-5061,"229 Flynn Spur Castillobury, MI 61958",N,hours
386,Robin Evans,712-53-6968,USNS Moody FPO AE 16424,N,miles
387,Bruce Haynes,398-08-6401,"1249 Morris Coves New Jeffrey, OR 76477",N,hours
388,Angel Jones,590-94-2322,"587 Angela Bypass East Franciscochester, MO 13208",N,miles
389,Andrew Jenkins,374-03-7328,"93040 Shelley Underpass Apt. 853 Lewisshire, MT 69790",Y,miles
390,Carrie Campbell,838-38-8440,"81569 Michael Manors Suite 984 East Julieport, WY 81753",N,miles
391,Chloe Mitchell,100-06-2324,"89743 Thompson Mews Darrylfort, GU 70114",Y,miles
392,Breanna Norman,655-37-2715,"1483 Shields Lane Suite 807 East Cesarhaven, AK 71114",Y,miles
393,Susan Bentley,697-08-3911,"7004 Rodriguez Burg Suite 337 Lake Stephaniebury, CT 13715",Y,miles
394,Emily Mccormick,511-83-6875,"3250 Melanie Grove Apt. 978 Ashleyville, WA 35017",Y,miles
395,Nathan Carr,079-85-3912,"24151 Austin Mission Laneshire, NY 49401",Y,hours
396,David Martin,440-65-3282,"4094 Julia Unions Medinaland, IA 90921",N,hours
397,Donald Franklin,786-17-6671,"65681 Anna Prairie Port Kimberlyland, PR 63557",N,hours
398,Andrew Mcgrath,745-69-4369,"866 Laurie Fort Suite 295 Lake Benjaminstad, KY 93279",N,miles
399,Jade Dunn,023-43-8478,"7313 Newman Village Janeview, FM 74968",Y,hours
400,Angela Taylor,429-89-2962,"02325 Barnes Mountain Suite 947 Connieside, DE 35998",N,miles
401,Brian Reed,543-98-6304,"68487 Perry Springs Suite 447 West Daniellechester, GA 80446",Y,hours
402,Tina Bailey,658-63-0464,"9125 Griffin Extensions Loganbury, DC 79789",Y,hours
403,Jennifer Stevens,637-01-3542,"39028 Brandon Hills Suite 728 Angiemouth, NV 88785",Y,miles
404,Crystal Jordan,861-93-1810,"693 Goodman Cape Lake Janice, PR 76538",N,hours
405,Derrick Griffith DDS,290-50-8526,"37224 Jonathan Avenue Apt. 246 New Brentland, NC 50036",N,hours
406,Katherine Bruce,774-05-7310,"830 Nguyen Cove Suite 936 South David, MH 18777",Y,hours
407,Michael Vargas,701-52-8551,"7400 White Center Apt. 029 Jennifermouth, PR 00810",N,hours
408,Karen Johnson,572-19-6842,"620 Robinson Ways Apt. 216 Reneefort, KY 86195",N,hours
409,David Ho,297-63-9908,"1418 Justin Islands Suite 771 Gravesside, GU 05491",Y,hours
410,Erin Marsh,386-91-0559,"8105 Richardson Islands Suite 785 Williamsbury, HI 85495",Y,hours
411,Carlos Cooper,317-17-5967,"3987 Donovan Light Suite 964 Lake Valerie, NH 33733",Y,hours
412,Benjamin Walker,473-78-7241,USNS Calderon FPO AA 53558,N,hours
413,Taylor Roth,607-72-5252,"007 Jackson Mountains Lake Crystal, DC 68511",N,miles
414,Vickie Brown,499-06-9740,"410 Danielle Common Spencermouth, KY 13038",N,hours
415,Matthew Garcia,011-16-5782,"9252 Anthony Springs Stevenborough, DE 02144",N,miles
416,John Weiss,851-44-5537,"1938 Matthews Extension Smithland, TX 69951",N,hours
417,Pamela Mcconnell,562-43-6013,"24597 Kenneth Walk Apt. 195 Olsonport, UT 95894",N,miles
418,Douglas Mckinney,348-73-6305,"3275 Jeffrey Plains West Brenda, OR 59166",Y,miles
419,Tyler Myers,134-16-3405,Unit 3696 Box 1123 DPO AA 67156,N,miles
420,Rick Pacheco,061-96-4994,"PSC 7079, Box 8381 APO AA 60332",N,hours
421,Nicholas Harris,687-94-4186,"172 Renee Greens Apt. 800 Carrilloborough, PR 62416",N,miles
422,Patrick Young,112-02-5429,"87275 Martin Key Suite 027 Williamsbury, PA 28616",Y,hours
423,Peter Yang,850-20-8934,USNS Nguyen FPO AA 13189,N,miles
424,Jason Lucas,241-68-6539,"PSC 2824, Box 5398 APO AA 86759",N,miles
425,Jason Marquez,570-51-3630,"PSC 2147, Box 8382 APO AE 23897",Y,hours
426,Heather Clark,852-19-3381,"861 Thomas Views Vasquezville, VI 38387",Y,miles
427,Caleb Bradford,274-08-9758,"0877 Bryant Cove South Tiffany, HI 24843",Y,hours
428,Erik Miller,657-04-2069,"74759 Kelley Inlet North David, NY 48859",Y,hours
429,Randy Collins,824-33-8574,"2620 Powell Meadow Apt. 550 New Zachary, MH 62715",N,hours
430,Brenda Ramsey,831-09-4705,"0811 Mary Cliff North Richardmouth, CT 65348",Y,miles
431,Jessica Wright,462-37-1365,"9809 Lutz Garden Apt. 855 New David, IN 44856",Y,miles
432,William Cook,882-10-4538,"405 Diana Avenue Port Sharonbury, GA 44806",N,hours
433,Kevin Lopez,873-67-7658,"14786 Lane Course Apt. 397 Stevenmouth, OH 94640",N,miles
434,Christopher Tucker,710-13-4652,"86584 Diane Plains Bautistaland, CT 46402",Y,hours
435,Mark Petersen,363-50-9890,"18051 Jacqueline Walks Suite 247 South Alexander, OH 81069",N,hours
436,Zachary Morton,820-16-0881,"758 Heather Green Apt. 091 Port Javierton, IN 73451",N,hours
437,Sara Adams,764-99-0935,"6349 David Row Villanuevafort, KY 13947",N,miles
438,Andrew Levy,115-19-9879,"0538 Paul Hollow Apt. 175 Port Elizabethfort, MP 52004",N,miles
439,Jennifer Mendez,895-17-0200,"7988 Mcgee Dale Suite 057 Ortizbury, UT 08542",Y,hours
440,Ashley Johnson,273-02-9538,"65209 Henry Ramp New Michellemouth, ND 93389",N,miles
441,Christian Richards,513-69-9673,"752 Norman Lane Apt. 258 Pettyland, NV 23527",N,hours
442,John Perkins,544-42-6786,"9872 Patton Shore West Noahstad, AR 22106",N,hours
443,Brett Perry,021-38-7834,"678 Mitchell Throughway Johnsonmouth, OH 02600",Y,miles
444,Christian Smith,264-99-7077,"13152 Jessica Parks Apt. 912 Trevinomouth, VT 75807",N,miles
445,Casey Rose,835-39-9199,"286 Cunningham Mount Katiemouth, ME 77106",N,hours
446,Isaiah Adams,072-39-4244,"27496 Nielsen Burg Barneston, TN 57083",N,miles
447,Jessica Baird,078-45-7532,Unit 5169 Box 1857 DPO AA 48518,Y,miles
448,Mrs. Amanda Parrish,509-28-8467,"83733 Miller Passage Katherinestad, HI 57116",Y,hours
449,Jordan King,463-26-8547,"245 Hernandez Squares East Carl, PW 90470",N,miles
450,Clarence Miller,389-89-4155,"912 Frank Roads Jamesmouth, IL 68610",Y,miles
451,Nicole Buchanan,682-98-9829,"011 William Island South Samuelstad, MN 16795",Y,miles
452,Robert Gaines,223-51-7603,"4173 Baldwin Mill Apt. 303 North Sherylport, AK 40600",Y,miles
453,John Fisher,816-81-4672,"53677 Frye Plaza Apt. 129 West Jonathan, NE 75831",Y,hours
454,Nancy Wilson,648-16-6825,"034 Bernard Union Kellyfurt, HI 10410",N,miles
455,Stacey Kelley,498-82-9783,"84194 Wilson Parkway West Kathrynmouth, SD 67346",N,hours
456,Chad Marsh,134-39-0750,"8359 Hall Passage Apt. 796 South Briantown, SC 42569",N,hours
457,Jamie Barton,309-70-3708,"9627 Arnold Camp Suite 227 New Randallberg, GA 48824",Y,miles
458,Wayne Mcclure Jr.,796-59-7513,"0027 Moore Flat Apt. 282 Desireefort, LA 31408",Y,miles
459,Amanda Drake,679-39-0506,"17458 Christopher Landing West Kim, ND 23696",Y,hours
460,Barry Foster,718-97-2502,"9233 Davis Extensions Suite 512 Port Elizabethfurt, KY 98777",N,hours
461,Brent Turner,707-48-2383,"744 Shelly Park Apt. 402 West Dylan, AR 57608",N,hours
462,Amber Greene,378-95-0035,"30641 Walls Gardens Lake Sherichester, LA 32897",Y,miles
463,Craig Carter,842-91-9708,"651 Robert Cliffs West Julie, PW 01821",Y,miles
464,Carl Schroeder,613-28-9477,"PSC 8391, Box 4199 APO AP 87280",N,miles
465,Marcia Banks,669-10-1999,"8119 Tiffany Mountain Apt. 743 Ianburgh, RI 86333",Y,hours
466,Debbie Preston,686-49-2670,"1869 Cordova Glens West Kathleenmouth, PR 09532",Y,miles
467,Sarah Cook,439-47-5615,"74645 Brittany Crescent Stewartland, CT 70726",N,hours
468,Erin Lamb,841-73-2156,"8546 Thompson Lodge Louisbury, SC 93611",Y,hours
469,Kayla Moore,219-49-6284,"07929 Gates Port Apt. 879 Priscillaland, PA 21501",N,miles
470,Dominique Kennedy,532-36-2486,"031 Bruce Grove Suite 532 Markside, VT 89533",Y,hours
471,Cindy Romero,067-45-7409,"07388 Joseph Park Suite 063 New Josephport, KY 04595",Y,miles
472,Amy Bradshaw,552-67-5079,"286 Jonathan Skyway Apt. 341 Lake Lisa, NY 80473",Y,hours
473,Daniel Perez,810-79-7925,"524 Perry Highway Suite 568 Hughesburgh, VA 35606",Y,miles
474,Walter Spencer,644-99-2215,"552 Stewart Rue Yoderton, DC 21513",N,hours
475,Christine Espinoza,262-20-7856,"441 Hammond Radial Rogerport, SD 64678",Y,hours
476,Breanna Lee,860-61-4829,"91084 Peter Fall Ballardberg, KS 35920",Y,miles
477,David Everett,871-34-8419,"0474 Elizabeth Haven Apt. 040 New Catherinechester, WI 18225",N,miles
478,Justin Wagner,608-85-3593,"3243 Rachel Viaduct Port Kathleenport, OH 16713",N,miles
479,John Miller,135-30-8099,"416 Green Mountain Suite 015 Reedtown, MN 81751",Y,hours
480,Kenneth Wallace MD,022-83-4498,"09654 Dennis Dale Williamsstad, ND 51157",N,hours
481,Rebecca Quinn,340-26-7995,"2395 Tyler Harbors Apt. 124 Melaniestad, PW 57477",Y,hours
482,Christina Taylor,898-46-9730,"7641 Nicholson Junctions Suite 065 Lake Philipland, NY 79622",N,hours
483,Jeffrey Collins,578-96-0272,"30624 Jennifer Corner West Jacquelinemouth, WI 52589",N,miles
484,Amy Allen,767-51-5794,"999 Coleman Plain Jennifermouth, PA 81543",N,miles
485,Holly Hill,034-67-2778,"1683 Brian Bypass South Kayla, MS 19563",N,miles
486,John Armstrong,334-30-2249,"68503 Jillian Camp Shawnmouth, NY 99667",N,miles
487,Robert Carr,707-68-7701,"6784 Nelson Spur Rosalesside, MP 33025",N,miles
488,Kevin Burns,545-53-9515,"46540 Byrd Mountain Lake Monica, TX 81219",N,hours
489,Albert Harper,355-80-5191,"76987 Tiffany Radial Markshire, IL 02940",N,miles
490,Lisa Farmer,485-04-4739,"128 Wallace Plaza Richardburgh, NY 40884",Y,miles
491,Taylor Preston,620-56-8879,"0979 Mann Villages Apt. 102 Pamelamouth, OH 87560",Y,miles
492,Mike Lewis,236-26-9999,"0282 Brett Square West Andrewfort, ID 22253",N,hours
493,Michael Case,583-11-5085,"7264 Kimberly Lakes New Melissaberg, CT 30548",N,miles
494,Laura Foster,844-31-7203,"4079 Henry Green Apt. 956 North Jessica, HI 81231",Y,hours
495,Lauren Jones DDS,401-35-3750,"6789 Mike Trail New Amy, MD 25696",N,hours
496,April Martinez,781-16-7712,"363 Strong Turnpike Port Ryanmouth, MN 41755",N,miles
497,Greg Smith,859-79-0118,"5410 Nicole Underpass North Thomasbury, UT 23312",Y,hours
498,Michael Beck,688-57-6457,"59190 Young Stravenue Suite 655 Stewartmouth, CA 03458",Y,miles
499,Richard Hernandez,535-08-1634,"25545 Riley Street Brittanyfort, LA 92879",Y,miles
500,Kenneth Mcintyre,416-89-6497,"140 Aguilar Causeway West Kathyland, MI 33786",N,miles
501,Haley Patel,247-60-7596,"79576 James Square West Kristin, RI 79687",Y,hours
502,Donna King,612-61-3058,"2685 Hunter Lock Apt. 320 New Nancy, CA 51223",Y,miles
503,Robert Alvarez,178-26-4605,"80496 Martinez Cliffs Lake Tiffany, ID 69118",Y,hours
504,Kendra Woodard,081-43-4979,"551 Courtney Shore North Rhonda, RI 54798",N,miles
505,John Walker,657-46-7619,"75215 Hart Station Suite 104 New Scott, FL 93482",N,miles
506,Amy Reeves,475-92-0623,"738 Richard Causeway Suite 615 Samanthaport, MT 09723",N,miles
507,Karen Brown,199-23-9364,"531 Charles Ridge Apt. 821 Stevenbury, DC 62814",N,hours
508,Charles Baker,143-55-0735,"665 Todd Lights Suite 004 Johnbury, OR 20186",N,miles
509,Cheryl Zamora,138-35-5475,"823 Turner Rapid Port Robertmouth, MH 20313",Y,hours
510,Tammy Ryan,500-79-2877,"PSC 2915, Box 7278 APO AE 26810",Y,miles
511,Rebecca Williams,849-74-1840,"80232 Timothy Falls Rickytown, VT 49430",Y,miles
512,Shelly Wilson,558-94-1540,"4616 Heather Squares Suite 290 Lake Bryanstad, DC 77281",N,miles
513,Steven Obrien,246-79-3020,"54055 Meadows Cliffs New Taylor, IN 39906",Y,miles
514,Scott Padilla,112-66-4873,"25649 Jones Mill Sheilafurt, MD 48290",N,miles
515,Jerry Porter,575-92-3218,"358 Sara Mall Apt. 488 New Veronica, MS 88512",Y,miles
516,Erica Adams,883-85-4105,"56388 Sylvia Forge Kempburgh, SD 25496",Y,miles
517,Brenda Carlson,505-71-4328,Unit 6244 Box 8819 DPO AE 33136,N,hours
518,Robert Potter,620-22-5232,"246 Wallace Spurs Allenmouth, HI 09425",Y,miles
519,Lori Thomas,615-58-8951,"7380 Alexis Court Hillhaven, OR 42381",N,miles
520,Edward Brown,412-42-6182,"35099 Lisa Squares West Elizabeth, AK 39238",N,hours
521,Tammy Hernandez,677-30-4053,"23572 Trujillo Square Suite 585 North Thomaston, MT 73613",N,miles
522,Angela Powell,272-84-3619,"PSC 6290, Box 7734 APO AP 27509",N,hours
523,Savannah Graham,537-18-8648,"7985 Hailey Roads Suite 920 Harrisonside, AR 46071",Y,miles
524,Nicole Cox,837-69-9828,"832 Bruce Trace Apt. 900 Lake Madeline, NH 63236",Y,hours
525,Nancy Walters,271-34-8557,"754 Michael Lights Lake Robert, IL 86939",N,hours
526,Theresa Owens,872-02-6247,"2267 Brown Motorway North Johnberg, IA 41119",N,miles
527,Barbara Holland,173-97-6754,"63821 Charles Manors Apt. 633 Nelsonview, MS 40573",N,hours
528,Julia Thompson,259-06-3673,"4270 Jesse Greens Campbellport, MD 50453",Y,miles
529,Cheryl Lopez,044-39-3529,"PSC 3349, Box 2219 APO AE 39967",N,miles
530,Steven Johnson,228-51-5299,"284 Miles Summit Suite 165 Stephanieview, MP 56074",Y,miles
531,Patricia Mitchell,387-61-9209,"864 Alvarez Green Apt. 378 Coreyfort, MO 70471",N,hours
532,Samuel Norman,547-04-6893,"830 Hartman Fields Apt. 806 Thomasfort, CA 70133",N,miles
533,Sarah Jenkins,748-52-3727,"681 Richards Light New Christopher, UT 91832",Y,miles
534,Mr. Nicholas Foster,150-28-9737,"17785 Julia Throughway Apt. 392 Taylorland, OR 90980",Y,miles
535,Melinda Leon,840-20-5896,"90645 Marie Oval Apt. 962 Myersshire, PR 51040",N,hours
536,Christopher Callahan,331-97-6519,"6565 Jennifer Burgs Apt. 115 Carolinestad, TN 81636",Y,hours
537,Juan Spencer,178-01-8918,"375 Daniel Trafficway Suite 341 South Eric, ND 67522",Y,miles
538,Robert White,703-18-3636,"4576 Natalie Mall Suite 026 Adamschester, MO 45996",Y,hours
539,Brian Roberts,183-21-5900,"287 Stephen Shoals Apt. 634 South Ruth, MO 84581",Y,hours
540,Lisa Whitaker,338-22-5990,"079 Aaron Canyon Santoshaven, NM 97860",N,miles
541,Gerald Terry,137-72-7028,"684 Robert Spring West Kristenside, DC 86376",Y,hours
542,Stephanie Salinas,068-12-6219,"76682 James Village West Scott, VI 57125",Y,miles
543,Aaron Walker,249-02-5716,"9171 Johnson Run New Johnfurt, PW 68543",Y,hours
544,Joshua Henderson,204-75-8960,"340 Margaret Turnpike Suite 800 Lake Debrafort, MP 92216",N,miles
545,David Rodriguez,720-98-5067,"47499 Derrick Trail Susanhaven, NH 63083",Y,hours
546,Antonio Jones,291-30-1159,"928 Wagner Landing Lake Angela, IN 73899",N,miles
547,James Vargas,093-10-8112,"8826 Steven Way Suite 381 Davidton, KS 72538",N,hours
548,Susan Gonzalez,417-34-8472,"031 Stephen Route Apt. 421 Reedhaven, CT 10370",N,hours
549,Monica Cameron,079-97-2273,"PSC 8123, Box 7354 APO AE 07881",Y,hours
550,Danielle Vega,881-59-2618,"59815 Mullins Wells Suite 621 South Amymouth, AS 15990",Y,hours
551,Kristen Reyes,691-89-3407,"0908 Johnson Locks Garciatown, NC 38269",N,hours
552,Robert Boyd,746-04-0143,"899 Raymond Garden Suite 481 Torresstad, GU 32682",N,miles
553,Dakota Johnson,302-03-5992,"391 Michelle Ramp Apt. 543 Erinmouth, PA 57666",Y,miles
554,Rachel Lewis,002-52-9375,"87492 Howard Plaza Alexberg, MO 57624",N,miles
555,Michael Gibbs,703-03-3437,"PSC 8104, Box 7044 APO AE 45778",Y,hours
556,Brianna Harris,615-86-8223,"959 Chelsea Stream Suite 960 Gillland, IA 95339",Y,miles
557,Natalie Phillips,216-91-5067,"16124 Wheeler Lane Suite 951 Lanceton, VI 96953",N,miles
558,Kimberly Fisher,757-96-9181,"00131 Cody Harbors Lake Lisa, CT 14334",N,hours
559,Mrs. Deanna Owens DVM,541-04-8217,"8684 Scott Island South Robertfort, ID 34981",Y,miles
560,Kyle Sanchez III,715-38-7554,"165 Velazquez Locks Suite 557 South Bonnie, GA 45584",N,miles
561,Robert Burgess,415-42-3283,"5523 Todd Roads West Natalie, AR 98597",Y,hours
562,Jeremy Andrews,151-53-9769,"0627 Cross Streets Suite 326 East John, NM 01446",Y,hours
563,Laura Ryan,684-76-2087,"681 Robert Manor South Shirleymouth, ND 27237",N,hours
564,Vincent Smith,412-54-4701,"236 Golden Gateway Port Clinton, OR 98321",Y,miles
565,Troy Green,784-30-2625,"4035 Jay Turnpike Hurststad, AS 16143",Y,miles
566,Theresa Zamora,675-24-8610,"2544 Cochran Square Claytonborough, ID 67580",N,hours
567,Christine Washington,037-52-7425,"09295 Margaret Ramp Patricialand, AK 78131",Y,miles
568,Jonathan Mendez,756-19-8710,"9696 Lisa Crescent Grahamchester, AL 32204",N,hours
569,Lance Roberts,346-28-7572,"1648 Lam Wells East Sara, GU 81711",N,miles
570,Matthew Morrison,059-06-8897,"072 Sharp Crossroad Apt. 400 West Lindatown, WV 43240",Y,miles
571,Michael Leon,695-82-7638,"3815 David Spurs Apt. 621 North Alicia, VT 17162",Y,hours
572,Timothy Leonard,656-90-1831,"3057 Wallace Harbor Jessicaside, TX 40536",Y,miles
573,Christopher Taylor,315-03-9456,"01878 Rivas Street Apt. 235 West Crystalville, MT 19541",N,hours
574,Chris Smith,114-29-7438,Unit 8449 Box 5520 DPO AE 97772,N,miles
575,Katie Lopez,606-53-7897,"217 Shannon Station Suite 108 Dennistown, AR 92066",Y,miles
576,Joe Sanchez,794-67-7359,"3383 Jessica Expressway East Charlesview, ID 07852",N,miles
577,Lisa Houston,365-08-9523,"36309 Phillips Radial Apt. 993 Port Philipborough, RI 89895",N,miles
578,Jonathan Craig,554-86-5743,"09302 Robertson Turnpike Kendrahaven, VI 44784",Y,miles
579,Jennifer Cannon,393-96-8628,"38539 Jeffrey Villages Apt. 259 Adamland, DC 26969",Y,miles
580,Michele Davis,611-44-8749,"76076 Smith Lodge Apt. 857 New Saraburgh, WI 45167",N,miles
581,Bradley Rocha,585-99-9573,"78666 Moore Trail South Lisa, MI 15440",Y,miles
582,Rachel Sims,102-42-7822,"6164 Anderson Highway Suite 829 Bauermouth, DC 43493",Y,hours
583,James Miller,838-12-8522,"8231 Judy Courts East Charles, WI 54755",N,hours
584,Erica Mcdaniel,084-90-5027,"980 Mathews Pine Harrisland, HI 80716",N,hours
585,Cesar Weaver,338-07-3140,"1110 Heather Curve New James, NV 64805",Y,hours
586,Manuel Maldonado,365-05-4409,"9386 Thompson Forks West Eric, TX 19537",Y,miles
587,Tammy Shaw,652-25-9246,"966 Daniel Loaf Lopezview, WA 91432",N,miles
588,Jessica Washington,681-80-1985,"645 Vincent Walk Wheelerfurt, PA 29604",Y,miles
589,Gene Flores,168-19-5402,"7601 Reed Mountains West Kevin, WY 80826",N,hours
590,Phyllis Mora,550-20-9952,"46301 Aaron Knolls Riosstad, WY 18860",N,hours
591,Michael Turner,487-22-7856,"3265 Gibson Mews Apt. 573 Smithberg, ND 83905",Y,hours
592,James Burns,100-82-5749,"8066 Jesse River Apt. 618 Port David, WY 71361",Y,hours
593,Bianca Ellis,632-35-7170,"6843 Christopher Terrace Grahamview, PR 77318",N,miles
594,Mark Carlson,619-30-1926,"07848 Kenneth Well Apt. 582 South Johntown, LA 88690",N,miles
595,Christopher Combs,392-77-3075,"38677 Alexandria Island Nathanielborough, FM 51785",N,miles
596,Jonathan Marshall,420-17-3486,"248 Brown Villages Suite 336 South Steven, GU 58622",Y,hours
597,Kelly Knapp,797-04-1599,"3663 Hughes Manor Suite 837 West Aprilhaven, MH 14177",Y,hours
598,Linda Lopez,303-15-6631,"758 Chavez Mountains Suite 000 New Bradley, HI 67447",Y,hours
599,Nicholas Morales,801-50-8923,"015 Scott Summit Lake Brandonborough, VA 42141",Y,miles
600,Erika Bell,520-62-8100,"107 Hernandez Shoals Suite 990 Jonesshire, ND 10890",Y,miles
601,Meghan Wallace,729-17-1677,"78612 Chelsea Fall New Jessica, MO 62309",Y,miles
602,Theresa Diaz,119-33-1605,"074 Crystal Court Suite 218 Jessicafurt, ME 55025",N,miles
603,Daniel Stevenson,795-05-7147,Unit 0122 Box 5155 DPO AA 37815,N,hours
604,Valerie Morgan,473-03-1349,"673 Flowers Stream Apt. 319 South Tommy, WY 97490",Y,hours
605,Anthony Maldonado,726-65-5971,"49913 Fletcher Viaduct Apt. 632 Kimmouth, AZ 06365",Y,hours
606,Robert Jones,241-23-2413,"3306 Boyle Passage New Carrie, CT 33339",Y,miles
607,Nicholas Bradley,248-69-9741,"3496 John Fall Mooreside, OR 46694",Y,miles
608,Mark Baker,346-71-4331,"6965 Rodriguez Mountains Apt. 663 Baxterstad, AK 58990",N,miles
609,Jeffrey Hansen,547-40-6726,"1678 Owens Mill Lake Ebonyfurt, KS 86448",N,miles
610,Tamara Mann,337-86-7514,Unit 1510 Box 3162 DPO AE 98023,Y,hours
611,Eduardo Holland,075-71-3961,"7138 Matthew Freeway Apt. 465 New Ricardohaven, TX 10019",Y,miles
612,Sharon Brown,194-81-1665,"311 Hunter Lane Suite 777 Lake Hailey, DC 75486",N,miles
613,Justin Johnson,502-33-7995,"PSC 8408, Box 8467 APO AA 28500",Y,hours
614,Kathleen Anderson,705-09-9761,"50590 Mitchell Dale Suite 789 Brandtland, GU 76444",Y,miles
615,Phillip Morris,144-07-2589,"00435 Carrie Summit Apt. 194 North Heather, TX 65860",N,miles
616,Robert Evans,213-69-7809,"73043 Anderson Track East Katrinabury, MH 49129",N,miles
617,Kevin Hill,610-03-9514,"624 Flynn Shore Apt. 319 North Scottland, GA 36678",N,hours
618,Tina Patel,440-66-9109,"25718 Mccarty Springs North Travis, PA 46199",N,miles
619,Timothy Cummings,281-20-8338,"2281 Joseph Avenue Apt. 497 North Danieltown, WV 06749",Y,miles
620,Scott Gallegos,240-23-6857,"2241 Mike Landing Gillchester, GA 43524",N,hours
621,Lisa Church,038-75-1240,"80935 Lawrence Parkway Jacksonside, TN 29424",Y,miles
622,Joseph Barnett,399-36-9506,"480 Amber Mountains Apt. 953 North Sarahstad, UT 02474",Y,miles
623,Charles Bryant,319-95-2707,"70341 Nathan Trace Apt. 698 Hartmanburgh, NM 18753",N,miles
624,Kenneth Fischer,115-33-7423,"8902 Koch Radial Janeport, PA 72407",Y,miles
625,Anna Smith,899-22-2356,"873 Oneal Mills Apt. 121 Lake Samantha, IA 48536",N,hours
626,Robert Bradford,623-11-2514,"54888 Cohen Ridges New Nicholaschester, MP 50392",N,miles
627,Amber White,342-11-7808,"0490 Juan Dam Apt. 338 Lake Eric, ND 32111",N,miles
628,Amy Harris,274-39-0289,"1045 Schwartz Hills Suite 493 Stephenbury, NE 51035",N,miles
629,Brittany Hunter,542-08-8469,"995 Mitchell Meadows Gordonville, ND 34195",Y,hours
630,Kevin Campbell,457-96-0380,"53780 Margaret Corners Apt. 256 Jonton, AZ 12284",N,miles
631,Scott Watson,307-86-1443,"625 Katherine Corner Apt. 275 West Troyberg, LA 19585",Y,miles
632,Monique Spencer,341-44-0555,"35681 Thompson Passage Brettbury, CT 79552",Y,hours
633,David Terry,862-15-4832,"5535 French Common Corymouth, MH 91503",N,miles
634,Jessica Stevenson,638-69-9410,"97334 Becker Views South Josefort, WA 86235",N,miles
635,Seth Dunn,762-96-4796,"6075 Olson Locks Suite 835 Smithmouth, CO 14938",Y,miles
636,Michael Lee,383-42-9476,"3480 Jackson Land Apt. 009 North Taylorview, VI 70149",Y,hours
637,Julie Thompson,110-07-3837,"555 Robbins Point Apt. 341 New Jessica, AZ 38516",N,miles
638,Christopher Blake,873-79-4492,"417 Diane Lodge Hammondtown, MA 70281",N,hours
639,Taylor Henderson,848-71-8906,"780 Garner Land Port John, NC 74706",Y,miles
640,Richard Hernandez,246-47-0008,"87516 Adam Springs Suite 740 Derrickberg, MP 03107",N,hours
641,Tiffany King,706-54-5969,"7614 Michael Crescent East Monicafort, NV 26870",N,hours
642,Tracy Kerr,582-15-2656,"22663 Murray Ports Suite 049 Cynthialand, AZ 31057",Y,hours
643,Nicole Montes,661-29-7073,"8008 Walls Square Donaldbury, MP 20194",Y,miles
644,Mark Nelson,781-11-3981,"0138 Daniels Trafficway West Ginamouth, MD 82308",Y,hours
645,Sherry Chavez,202-70-2516,"63957 Robert Drive West Tina, AK 22614",N,hours
646,Ernest Rivera,133-68-7120,"15378 Hammond Village Apt. 339 Hudsonton, PR 70315",Y,miles
647,Gregory Peterson,296-70-5769,"76378 Jasmine Walks Lake Katelynhaven, OH 11635",Y,hours
648,Tara Lowe,703-44-8367,"6728 Scott Station Apt. 994 Kristinland, FL 58309",N,miles
649,Mr. Dennis Cruz,095-82-9942,"33788 Kristi Motorway Apt. 006 Waltersside, NE 70898",N,hours
650,Richard Owens DDS,010-04-7164,"800 Edwards Trafficway Port Vicki, HI 03370",Y,hours
651,Bridget Rivera,410-53-4716,Unit 8352 Box 4547 DPO AP 19594,Y,hours
652,Jacob Martinez,177-88-6599,"4274 Jane Common Apt. 996 Timothybury, DC 68324",Y,miles
653,Valerie Robbins,275-32-1969,"0550 Kevin Plaza Suite 782 Smithfurt, RI 65553",N,hours
654,Paul Stevens,143-74-3162,"86034 Mary Club Meganfort, ND 07434",Y,miles
655,Kathleen Daniels,870-90-6042,"328 Schneider Burg New Justinfurt, MP 88405",Y,miles
656,David Cook,224-43-1832,Unit 3653 Box 2702 DPO AE 94208,N,miles
657,Gary Hernandez,502-11-0833,Unit 2017 Box 2170 DPO AA 99530,Y,hours
658,Rebecca Martinez,417-10-7725,"563 Reynolds Mountains Lake Paulaside, AR 62533",N,hours
659,Steven Johnson,015-89-0553,"84574 Hall Glen Port Ronaldbury, NC 85704",Y,hours
660,Brian Solomon,886-90-6836,"243 Brittany Row Apt. 049 Curtisstad, NH 04663",Y,miles
661,Katherine Wiggins,657-98-1090,"PSC 9080, Box 2560 APO AA 30501",N,miles
662,Brooke Foster,299-77-5855,Unit 7978 Box 7007 DPO AE 20961,N,miles
663,Shaun Frost,662-11-2221,"743 Martinez Camp West Lesliemouth, SD 36670",Y,hours
664,Courtney Williams,112-63-1628,"1400 Tyler Extension Suite 932 South Jennifer, KS 75407",N,hours
665,Michael Valencia,101-47-1458,"4702 Jordan Alley Suite 187 Cassandraborough, AL 34785",N,hours
666,Samuel Martinez,320-74-8680,"2131 Moore Divide Apt. 907 Jeffreyland, NC 71728",Y,hours
667,Katrina Fitzgerald,753-86-3578,"55905 Julie Green Suite 044 North Joseph, ID 65118",Y,hours
668,Andrew Thomas,771-41-0171,"3541 Rogers Spur Suite 682 West Danielleborough, MP 30886",N,hours
669,Joshua Smith,374-78-5106,"5044 Nancy Field Andreabury, PW 49449",Y,hours
670,Amanda Valentine,199-34-1762,"92615 Reyes Plain East Todd, LA 63784",N,miles
671,Kevin Johnson,503-16-6136,"48881 Rachel Fall Robertburgh, MH 90618",N,miles
672,Alexandra Carroll,316-74-6342,"21124 Jackson Ranch Apt. 681 Clarkmouth, CT 33719",Y,miles
673,Daryl Hunt,701-88-4746,Unit 6697 Box 2632 DPO AP 56984,Y,miles
674,Melissa Trevino,349-09-1912,"66621 Michael Knoll Suite 362 Lamberthaven, IL 13266",Y,hours
675,James Sharp,812-86-2513,"58864 Olivia Estates Port Jennifer, KY 63882",Y,hours
676,Amy Green,838-14-8856,"347 Jack Crossroad Suite 432 Lynnborough, HI 29650",N,miles
677,David Camacho,131-57-3815,"435 Bell Stream Suite 067 Gibbsstad, KY 23872",Y,miles
678,Wendy Cruz,424-47-8762,"717 Holly Extensions Apt. 390 Gibsonberg, NY 40921",Y,miles
679,Ashley Brown,146-39-7883,"784 Michael Ramp Port Sarah, ME 16414",N,miles
680,Melinda Walker,745-82-8240,"7790 Potter Path Daltontown, MS 30583",N,miles
681,Monica Payne,567-96-8733,USNS Wilkerson FPO AP 71365,N,hours
682,Marc Price,084-07-4684,"6981 Nelson Run Michelleborough, NE 85070",Y,miles
683,Travis Johnson,819-72-3017,"12916 Mckinney Tunnel Cookfort, MI 84190",N,hours
684,Martha Mccormick,373-76-6757,"7502 Hunt Rapids Suite 814 Smithberg, VT 01996",N,miles
685,Lauren Sullivan,834-79-7328,"48077 Johnson Dam Suite 198 Veronicashire, VI 02623",N,hours
686,Daniel Stone,673-30-3033,"85558 Coleman Summit Apt. 409 Ronaldshire, WI 91018",Y,hours
687,John Dixon,560-67-5736,"911 Flores Circle New Lukehaven, TN 43956",N,miles
688,Margaret Lee,693-21-1276,"03230 Salazar Canyon Apt. 638 West Sandramouth, RI 84473",Y,miles
689,Madison Benton,755-72-6115,"15563 Oconnor Creek Suite 682 Jacobmouth, IL 32751",N,hours
690,Joe James,290-63-1591,"5905 Timothy Keys Suite 202 Bryanchester, CA 11358",Y,miles
691,Bridget Knight,691-74-0310,"9928 Nicole Island Apt. 170 Sabrinafort, VA 19569",Y,hours
692,Angela Johnson,019-47-7340,"7995 William Ridge Port Edward, PW 97510",N,miles
693,Joseph Perez,861-50-2149,"4678 Christopher Court South Dawn, NY 79551",Y,miles
694,Nicholas Russell,217-38-6792,"825 Duncan Ways Suite 852 West Wendy, IL 66173",N,miles
695,Jeremy Miles,290-13-4464,"3576 Jason Motorway Suite 637 East Tina, OH 72394",Y,hours
696,Alec Berg,597-25-0180,"58176 Joshua Lodge Myerston, TX 51935",N,hours
697,Susan Caldwell,211-79-8119,"PSC 4834, Box 7528 APO AP 02420",Y,hours
698,Dawn Reed,702-91-8733,"703 Susan Streets Apt. 209 Hufftown, ME 50411",Y,hours
699,Justin Valentine,574-33-1751,"7280 Kelly Islands Dominguezland, MO 52907",Y,miles
700,Taylor Sexton DDS,409-41-2583,"54689 Glenn Island Suite 212 East Alexandraborough, LA 58871",N,miles
701,Nina Andrews,675-99-4612,"10335 Steve Orchard West Meganmouth, GA 98630",Y,hours
702,Luis Roy,542-65-5101,"259 Chase Plain South Michele, CO 66863",Y,miles
703,Derek Everett,090-97-0947,"50698 Owens Keys Port Erin, SD 42104",N,hours
704,Tina Mitchell,257-41-4240,"1477 Fields Divide Lake Alejandro, CT 88683",Y,miles
705,Robert Harrington,435-05-3375,"22347 Tyler Mall Apt. 814 Smithborough, ND 40121",Y,miles
706,Thomas Hess,060-13-9296,"9204 Robin Canyon Suite 583 Clarkeland, AZ 94511",Y,hours
707,Jay Booker Jr.,179-78-0761,"80959 Judy Trace Apt. 263 Frankfort, GA 34769",N,miles
708,Kevin Smith,709-99-1274,"9139 Chapman Ridge Mullinsside, IL 42806",N,hours
709,Susan Johnson,751-37-4668,Unit 9595 Box 3995 DPO AP 10871,N,miles
710,Lisa Rogers,211-84-7114,"42154 Collins Curve Suite 236 Wongton, OR 12584",Y,miles
711,Johnny Graham,482-39-5463,"8473 Andrew Center Suite 433 Lake Courtney, AS 33186",N,miles
712,Lisa Hudson,723-59-4995,"1316 Jose Forge Suite 642 Ryanfurt, OH 30067",Y,miles
713,Kelly Russell,759-97-6527,"PSC 6435, Box 0706 APO AP 48147",Y,hours
714,Annette Mitchell,345-20-3774,"05841 Duran Plaza Suite 681 Rodrigueztown, CO 61763",Y,hours
715,Robert Dennis,880-29-8798,"1590 Anderson Meadows Shermanhaven, PR 17814",N,miles
716,Amy Peterson,289-31-6189,"PSC 6801, Box 0457 APO AA 47995",N,miles
717,Caroline Williams,120-03-4504,"0488 Lewis Extension Suite 871 Cynthialand, TN 87772",N,hours
718,Tamara Lowery,896-40-1595,"2931 Nicole Club Amyton, IA 07885",N,hours
719,Thomas Smith,457-65-6477,"PSC 2929, Box 0564 APO AE 89462",N,hours
720,Melinda Cook,613-48-5620,"7221 Stewart Parks Port Marie, AZ 16207",N,miles
721,Robert Johnson,691-11-5508,"564 Erik Lake Suite 186 Reynoldsland, MP 75746",Y,miles
722,Christine Murray,423-59-0969,"9957 Foster Island West Louis, NV 11957",N,hours
723,Miss Tracy Peterson,027-91-3003,"149 Melissa Oval West Alexandrafort, IL 71735",N,hours
724,Mrs. Candace Faulkner MD,333-38-2871,"7567 Edwards Squares Edwardsfort, MN 60305",N,miles
725,James Tran,864-72-4047,"453 Shepherd Road Suite 271 Patriciafurt, IL 71790",N,miles
726,Diane Huerta,498-94-3415,"231 Rita Cliffs Suite 038 Moorefurt, SD 53331",Y,miles
727,Gregory Lara,255-04-3150,"35682 Gary Divide Apt. 703 Osborneland, OK 03354",N,miles
728,Franklin Gutierrez,150-45-2684,"191 Freeman Camp New Kari, AK 50680",N,miles
729,Daniel Brown,001-26-4094,"59407 Joshua Camp Fisherberg, OH 64786",N,miles
730,Michael Flores,120-94-6960,"05395 Tracy Mall Suite 255 West Michele, WV 44532",Y,miles
731,Todd Wolfe,507-57-2751,"196 Perry Ranch Suite 264 North Edward, CT 91559",Y,miles
732,Arthur Davis,270-37-1555,"985 Scott Inlet New Kennethton, WV 04734",N,hours
733,Melinda Hernandez,619-76-3565,"382 Beth Terrace Perryside, IL 82280",N,miles
734,Adrienne Ford,119-41-3087,"518 Torres Lane Suite 074 Hayesstad, NJ 93555",Y,miles
735,Michael Nicholson,513-57-7137,"35319 Chen Forest East Pamela, AL 00542",Y,hours
736,John Walker,250-28-6033,"6103 Tyler Harbors Apt. 121 Port Claudia, NY 57431",Y,hours
737,Rachel Bridges,429-61-5423,"27673 Clark Springs New Amanda, CT 26092",Y,hours
738,Mikayla Schultz,107-33-2800,"6300 Leah Brook Suite 044 Gilbertville, PW 25442",Y,hours
739,Heidi Khan,640-97-1661,"72491 Dominique Manors Apt. 085 Martinhaven, PA 78466",N,miles
740,Tyler Cherry,227-49-1456,Unit 2585 Box 7519 DPO AE 04656,Y,miles
741,Anthony Cox,563-95-3632,Unit 0982 Box 9162 DPO AP 28020,Y,miles
742,Laura Ortiz,594-05-6171,"PSC 5306, Box 9988 APO AE 44187",N,miles
743,Christopher Roberts,053-87-6107,"159 Derrick Fork Sotoberg, ME 36056",Y,hours
744,Michael Pennington,042-95-1325,"PSC 5350, Box 4590 APO AP 37486",Y,miles
745,Whitney Soto,375-11-7151,"767 Figueroa Fort Apt. 884 Connieport, OH 07060",Y,miles
746,Dustin Watson,618-25-3741,"53819 Amanda Inlet Suite 896 Lesliefort, DC 43555",Y,miles
747,Vincent Parker,834-04-7422,"347 John Unions Kevinland, IN 34170",Y,miles
748,Nathaniel Lucas,218-42-1849,"208 Christopher Tunnel Apt. 252 West Dustin, ME 24536",N,hours
749,Joseph Noble,276-43-7179,Unit 6613 Box 6316 DPO AP 10946,Y,hours
750,Kirsten Steele,509-43-8743,"31478 Bass Trafficway West Nancy, NH 98350",N,hours
751,Jake Bond,421-78-8790,"07583 Dennis Creek South Adrianberg, VA 22214",Y,hours
752,James Powell,657-10-4637,"1165 Megan Mission Suite 176 North Elizabethview, NC 22775",Y,miles
753,Amanda Cantu,033-14-6518,Unit 0319 Box 8098 DPO AE 58060,Y,miles
754,Jason Ray Jr.,324-30-8791,"802 Elizabeth Lodge Suite 185 Parkerport, KS 27874",N,miles
755,Alec Clark,573-99-5736,"489 King Trail Owensstad, ND 06943",N,miles
756,Michelle Beasley,272-53-0698,"288 Rivera Curve Hamiltonland, NY 53251",Y,hours
757,Terry Miller,179-92-6570,USNV Clarke FPO AE 41939,Y,hours
758,Carrie Campbell,066-66-1366,"457 Bob Underpass Port Tamara, LA 35994",N,miles
759,Melody Pitts,145-65-7668,USNS Winters FPO AA 41069,Y,hours
760,Sarah Walton,537-44-9539,USNS Oconnell FPO AA 17619,Y,hours
761,Bryan Oliver,257-37-5848,"82775 Joshua Gateway Lake Rogerfort, MD 40777",Y,miles
762,Tony Villegas,805-76-3431,"986 Steven Neck South Christinaside, CO 81782",N,hours
763,Abigail Cooper,293-11-7528,"4132 Deborah Turnpike Jaredfurt, TN 41942",N,hours
764,Rebecca Curtis,053-37-7146,"339 Reyes Mount Jeffreytown, WA 51205",N,miles
765,Keith Simpson,208-99-0587,"PSC 3887, Box 0588 APO AE 95010",N,hours
766,Christopher Fleming,649-63-2005,"59601 Lambert Knolls Apt. 318 New Petermouth, IN 52098",Y,miles
767,Nicholas Torres,364-32-7783,"88959 Michelle Lights West Donaldport, VA 59904",N,hours
768,Lauren Walton,338-50-1474,"238 Watkins Freeway West Alexandra, AR 33298",N,miles
769,Jeffery Garcia,785-06-2806,"410 Thomas Mountain Suite 016 Nicoleborough, WA 24667",Y,miles
770,Rachel Hess,607-23-5427,"9886 Blankenship Plain Suite 820 North Jasmine, NY 84054",N,miles
771,Diana Romero,764-31-0404,"618 Lindsay Trail Apt. 403 Beardstad, ND 62934",N,hours
772,Ray Barrera,785-75-4764,"462 Weaver Square Suite 053 North Anthonyfurt, NH 54094",N,hours
773,Kenneth Harrison,735-91-6533,"3647 James Cliff Suite 591 New Dawnberg, MP 86813",Y,hours
774,Kyle Pennington,117-38-9046,"21286 Stephanie Manor Jamesfurt, OR 33179",Y,hours
775,Richard Nunez,424-10-0283,"883 Jerry Overpass North Crystal, WY 18416",Y,hours
776,Maureen Flowers,448-35-3995,"04397 Mooney Fords Suite 650 Bartlettfort, DC 44226",N,hours
777,Amanda Barker,218-84-6766,"20909 Julie Club Lorimouth, TX 26868",Y,hours
778,Jesse Perry,651-73-2260,"196 Martinez Ramp East Joshua, PR 51896",Y,hours
779,Kelly Lewis,335-05-9922,"2860 Chelsea Burg Dominguezstad, FL 82188",Y,miles
780,Chelsea Baker,008-23-2798,"938 Tapia Crescent South Jamesville, GU 43629",N,hours
781,Charles Bradford,867-79-4085,"4717 Mcfarland Passage Bellbury, ME 44555",N,hours
782,Rachael Mendez,346-53-0947,USCGC Dean FPO AP 93897,N,hours
783,Lindsay Gonzalez,285-11-2093,"81586 Christopher Summit Smithfort, NE 04517",Y,miles
784,Kenneth Gonzalez,386-12-7165,USNV Martin FPO AE 14187,Y,miles
785,Ryan Perry,556-92-9846,"934 Mark Squares Port Timothyland, CA 66895",Y,miles
786,Brendan Ochoa,694-31-4782,"53689 Jessica Extensions Lake Luis, WV 89185",Y,miles
787,Morgan Simmons,437-16-0926,"53943 Baker Parks Suite 749 Wolfechester, WI 91164",N,hours
788,Leonard Harris,621-28-7930,"92552 Watkins Gardens Apt. 232 Kelleyside, ME 09641",N,hours
789,Joshua Wolf,227-76-4625,"8191 Perry Points Apt. 012 Ortizstad, NE 77630",N,hours
790,Sandy Luna,034-82-5865,"86307 Caldwell Inlet Suite 885 North Nicholas, IL 14871",N,hours
791,Judith Ruiz,828-94-5076,"731 Wu Fork Fitzgeraldfurt, FL 58736",N,hours
792,Frederick Rose,532-05-3774,"250 Jessica Lodge Tarachester, HI 45505",N,hours
793,Ann Perez,378-65-4873,"075 Don Motorway Hollyland, LA 81363",Y,hours
794,Paul White,816-54-7208,"14872 Paul Locks Apt. 739 West Keith, AZ 04138",Y,hours
795,Courtney Douglas,472-34-2752,"794 Destiny Summit New Michaelstad, TX 73640",N,hours
796,Daniel Ponce,141-38-3310,USNV Rivera FPO AE 06472,Y,miles
797,Anna Vega,130-93-0060,"49094 Dunn Throughway Apt. 735 Port Valerie, FM 76120",Y,miles
798,Jeremy Munoz,684-36-6959,"911 Andrew Brooks Suite 581 Rangelhaven, ME 20550",Y,hours
799,Wesley Green,821-46-8460,"60405 Zuniga Mills Leonardborough, ID 22717",N,miles
800,Robin Owens,081-35-3031,"9582 Brown Forge Apt. 827 Williamville, SC 97090",Y,miles
801,Stacie Wilson,028-51-8161,"28622 Payne Islands Suite 490 Kington, WV 79098",N,hours
802,Amy Nichols,844-11-7375,Unit 1961 Box 3364 DPO AA 81808,N,miles
803,Jose Schroeder,432-26-0489,"524 Randall Rest Suite 834 Nathanielview, NE 89886",Y,miles
804,Erik Parker,700-34-8651,"462 Bolton Meadows North Ginahaven, PA 29886",Y,hours
805,Charles White,518-47-3047,"82393 Gloria Loop Apt. 978 Romeroview, WV 04264",N,hours
806,Roger Benson,416-67-3184,"PSC 9076, Box 4575 APO AP 37707",N,hours
807,Jamie Wilson,005-97-9418,"PSC 4197, Box 3680 APO AE 63646",N,miles
808,Cory Donovan,351-94-2261,"4456 Alvarado Flat Apt. 922 West Jenniferfurt, MS 28318",Y,miles
809,Clayton Gibson,757-55-0171,"299 Anthony Terrace Wardland, NC 57439",N,miles
810,Timothy Cohen,508-92-6052,"9405 Rivera Estate Roblesfort, MD 89552",Y,miles
811,Nicholas Taylor,383-25-4162,"7104 Kendra Land Lake Neilfurt, MS 69680",Y,miles
812,Suzanne Fuller,262-42-7104,"0706 Laurie Village Royland, GA 74527",N,miles
813,Gregory Watson,476-59-7755,"6146 Thompson Island South Stephanie, IA 03170",Y,hours
814,Yvonne Heath,863-94-9449,"2951 Jason Rest Johnsonfurt, WV 49138",N,miles
815,Chelsea Howe,010-34-8447,"5786 Taylor Cove Apt. 842 Ryanfort, AZ 55977",Y,miles
816,Kelly Brown,489-96-5055,"28324 Jacqueline Mews Suite 023 South Debrafurt, LA 87732",N,miles
817,Betty Roberts,734-79-4649,"9901 Monique Forks New Amymouth, VT 41754",N,miles
818,Amy Shaw,674-88-6201,"559 Smith Road Suite 690 North Joshuahaven, ND 20183",N,hours
819,Timothy Garcia,368-71-3498,"7808 Barnes Flats Suite 773 East Zacharyshire, TX 47278",Y,miles
820,Patrick Powers,031-55-8990,"5944 Nicholson Club South Travis, VT 33281",Y,hours
821,Kelli Roth,828-20-9869,"3778 Carla Mount Suite 459 East Davidburgh, WA 45321",N,miles
822,Derrick Walker,449-89-6158,"3129 Shelton Roads New Rachel, MD 59514",N,miles
823,Heather Cochran,126-78-0681,"749 Rios Greens Dillonside, MO 33025",N,miles
824,Alyssa Jenkins,528-35-1078,"973 Andrea Mill Apt. 878 Lake Joshuastad, WI 01195",Y,miles
825,David Carpenter,795-58-9783,"3428 Nathaniel Pike New Cynthia, OR 58421",Y,hours
826,Lynn Palmer,420-28-2882,"8176 Johnson Vista Suite 259 West Brianna, MA 47494",Y,hours
827,Jack Chandler,784-53-5230,"2417 Brandon Villages Suite 913 Alyssashire, MT 19268",Y,miles
828,James Carpenter,311-40-5755,"15167 Wood Trace Suite 499 Gregoryhaven, FM 35092",Y,hours
829,Daniel Barton,477-34-1183,"1955 Michael Underpass Lewisfort, FM 81813",Y,hours
830,Natasha Wilson,533-71-1906,"483 Berry Meadows Andersonburgh, VI 78378",N,miles
831,Carlos Houston,270-40-9922,"9473 Alexandria Tunnel Harmonside, PR 81954",N,miles
832,Patricia Lawrence,500-83-6366,"72416 Anthony Squares Apt. 803 Lake Destiny, MN 86142",N,hours
833,Kristi Armstrong,417-76-6698,"76780 Katherine Pines Apt. 369 North Julieborough, FL 73505",N,hours
834,Sandra Davis,793-39-8188,"989 Nicholas Tunnel New Christy, TN 74483",N,miles
835,Ronald Nguyen,144-86-4527,Unit 4364 Box 3774 DPO AP 17930,Y,hours
836,Daniel Williams,637-80-7339,"33231 Christopher Center Suite 966 Riosbury, MD 27210",Y,miles
837,Cody Velez,334-48-2898,"1698 Barker Islands Richardmouth, OH 51151",N,miles
838,Lawrence Hensley,775-35-4066,"PSC 2790, Box 0062 APO AE 20347",Y,hours
839,Dana Garrett,300-61-7027,"124 Lopez Roads East Beverly, AZ 05492",Y,hours
840,Jessica Hill,791-62-4360,"56363 Andre Ways Suite 251 Travisville, VT 19420",Y,hours
841,Mr. Shawn Cook,366-28-1329,"84492 Lee Ford West Jamie, VI 21106",Y,hours
842,John Becker,391-49-3407,"368 Summers Walk Apt. 465 Port Michelleview, UT 21872",N,hours
843,Deanna Andrade,203-36-8593,"92015 Russell Parks Apt. 587 South Tyler, FM 58554",N,hours
844,Laurie Smith,232-90-6167,"465 Ramos Center West Andrewshire, KS 25766",Y,hours
845,John Perez,038-59-4996,"98977 Brenda Bypass Apt. 426 Smithshire, MP 14049",N,miles
846,Mr. George Perez,557-82-8284,"271 Spencer Lock Suite 211 Austinland, WY 12070",Y,hours
847,Andrew Montoya,801-65-8591,"5331 Jocelyn Lights Rebeccaland, WV 34341",N,hours
848,Craig Coleman,232-94-7579,"511 Chase Groves East Laura, WY 47380",N,miles
849,Stephanie Zimmerman,415-41-7555,Unit 2022 Box 2222 DPO AA 15956,N,hours
850,Melissa Kelley,853-35-8772,"56752 Wang Ridges Suite 543 Timothyhaven, MA 06458",N,hours
851,Amanda Green,197-73-7305,"PSC 6143, Box 5934 APO AE 72613",Y,hours
852,Alex Daniels,883-23-2456,"98662 Jessica Radial Suite 351 Lisaside, ID 49979",Y,hours
853,Lonnie Gray,475-07-0385,"30085 Dominic Views Paigechester, MI 98117",N,hours
854,Kenneth Holmes,820-43-7966,"5918 Lewis Overpass North Annastad, WA 78508",N,miles
855,Anna Moore,301-16-0656,"921 Dylan Well West Katherine, NV 39200",Y,hours
856,Linda Carter,804-38-1502,"0541 Rivera Viaduct Smithside, NY 22192",N,miles
857,Cathy Martinez,867-50-7958,"08304 Julie Curve Apt. 709 Mcmillanfurt, OK 95290",N,miles
858,David Parks,109-57-7720,"867 Bailey Plains Apt. 599 Jeffreyville, GA 47547",N,hours
859,Travis Thomas,650-33-0351,"604 Thomas Keys Suite 706 Lake Nicole, NC 87013",N,miles
860,Raymond Larsen,766-07-5674,"1696 Freeman Shore Suite 390 Lake Luke, NE 05076",Y,hours
861,Chris Lewis,651-42-6278,"9210 Campbell Point Joneschester, OR 62397",N,hours
862,Philip Whitaker,132-13-8095,"012 James Burg Apt. 874 South Emmafurt, MT 85689",Y,miles
863,Laura Walker,313-29-1924,"PSC 4829, Box 1612 APO AA 88190",N,hours
864,Brooke Gates,513-19-0901,"188 Phillips Cliffs Apt. 953 Richardton, KS 18397",Y,hours
865,Ashley Clark,107-49-2315,"45778 Maldonado Point Tinatown, WA 41959",N,hours
866,Justin Lopez,606-57-8165,"743 Norman Mews Apt. 017 New Lisa, PW 50566",N,hours
867,John Irwin,354-79-2077,"0876 Kellie Estate Suite 728 North Kenneth, NJ 09694",N,miles
868,Linda Carr,468-24-7991,"51357 Garcia Stream Apt. 278 Michaelshire, HI 47560",Y,hours
869,Anthony Kelly,527-80-7789,"8768 Crystal Islands Manningfort, MA 67686",Y,miles
870,Jeremy Little,034-64-8197,"05800 Boyle Highway West Margarettown, IA 86998",Y,hours
871,Rebecca Skinner,711-91-1049,"4923 Reid Mill Lisafurt, FL 58539",N,hours
872,Ashley Walter,683-82-3099,"86470 Kelley Street Apt. 481 Lake Mary, MT 24762",N,hours
873,Arthur Wolf,584-67-0524,"384 Jennifer Crest Apt. 361 North Jeffreytown, AR 24952",N,miles
874,Sharon Lee,456-10-5244,"9246 Shannon Fall Apt. 740 Donnaborough, AS 74536",Y,hours
875,George Woods,166-14-1178,"PSC 3080, Box 1700 APO AP 29011",Y,hours
876,Timothy Smith,558-10-7504,"857 Jeffery Glens Nortonburgh, NC 67661",Y,miles
877,Mark Smith,472-46-2574,"PSC 1188, Box 1959 APO AA 55853",Y,miles
878,Brendan Kelley,138-73-8097,"3742 Cathy Knolls Apt. 042 Crawfordtown, NJ 74103",N,miles
879,Ian Rice,861-65-4598,"993 Briggs Via Port Johnshire, DC 77988",N,miles
880,Julie Gould DDS,723-82-8270,"1335 Jasmine Fords Francotown, CA 87385",N,miles
881,Carl Smith,197-41-1586,USCGC Dougherty FPO AA 73549,Y,miles
882,Angela Harper,334-26-6589,"PSC 5751, Box 0899 APO AP 37799",Y,hours
883,Lisa Mason,157-51-6456,USNS Kelly FPO AP 94025,N,miles
884,Jeremy Lopez,637-87-0193,"998 Clark Keys Johnsonfurt, MN 15117",N,miles
885,Becky Keller,195-39-4215,"927 Tina Mill Vargashaven, SD 11784",Y,miles
886,David Gonzales,325-78-4762,"9008 Alexander Circles Anitamouth, FL 19118",N,hours
887,Nathaniel Reid,612-89-5551,"70613 Walker Bridge Apt. 182 Natalietown, NC 79708",Y,miles
888,Benjamin Taylor,282-80-1625,Unit 5684 Box 7035 DPO AE 30255,Y,miles
889,Adrian Fisher,299-70-3239,"6760 Schmidt Street Apt. 213 Hicksstad, NV 73999",N,miles
890,Suzanne Barry,644-76-7824,"6460 Harris Coves Elizabethburgh, GA 45709",Y,miles
891,Molly Hood,430-01-4685,"50164 Morales Plains Thomastown, AK 51316",N,hours
892,Denise Miller,402-16-6459,"62285 Robinson Isle New Kiara, AS 03946",N,miles
893,Kayla Wagner,322-13-1910,"8025 Wilson Circle Suite 771 East Isabellaville, UT 74484",N,hours
894,Kenneth Shaw,122-89-3686,"700 Dale Mount Suite 551 Brockside, MI 25145",N,miles
895,James Porter,098-58-3022,"05047 Nathaniel Knoll Wuburgh, NC 33543",N,miles
896,Olivia Ford,783-53-6228,"23622 Vanessa Square East Lauraside, MN 34126",N,hours
897,Micheal Hernandez,565-48-2979,"08988 Stewart Track Suite 465 Johnsonview, OH 68571",Y,hours
898,Michael Santos,500-11-7856,"526 Glenn Mountains Steventon, ID 82346",N,miles
899,Melissa Barker,117-02-2874,"0480 Johnson Plain South Shawnberg, VT 27642",Y,miles
900,David Jensen,530-61-0709,"812 Smith Islands Suite 391 Leahshire, AR 39908",Y,miles
901,Ashley Chung,434-05-3708,"3898 Christine Walks West Anthony, KS 02511",Y,hours
902,Heather Griffin PhD,126-89-9160,"427 Campbell Brooks Apt. 371 Cathyside, ID 14795",N,hours
903,Christy Harrison,684-96-8629,Unit 1167 Box 6688 DPO AP 93467,Y,hours
904,Donald Crawford,877-86-4497,"PSC 6539, Box 1360 APO AA 80269",Y,miles
905,Kelly Henderson,306-87-3292,"222 Lee Vista Apt. 251 Jamiebury, NE 89891",Y,hours
906,Rachel Bennett,651-21-8524,"044 Kristen Common North Willie, MH 01523",Y,miles
907,Yvette Brown,574-16-3044,"23362 Sheila Branch Suite 532 Ronaldmouth, IN 26840",Y,hours
908,Ashley Hunter,516-82-4608,"695 Rebecca Street Shawntown, UT 79229",N,hours
909,Kelly Sullivan,552-68-8456,"23783 Stephanie Landing Apt. 340 West Jacobville, AL 56992",N,hours
910,Mary Mcdonald,796-23-5504,"763 Moody Ridge Suite 759 Reynoldston, WA 48556",Y,hours
911,Steven Fuentes,033-18-2764,"849 Diaz Junctions East Kelseymouth, DC 99299",Y,miles
912,Eileen Castro,348-13-6640,"51013 Sarah Fords Suite 600 Lake Leonardtown, RI 07766",N,hours
913,Natalie Parker,224-71-0531,"255 Rebecca Circles Apt. 622 West Donald, WA 02131",N,miles
914,Joseph Newton,759-50-5896,"34430 Michelle Street Apt. 638 New Sara, FM 71297",Y,miles
915,Emily Pearson,266-89-3981,"696 Hailey Crescent Robertchester, OR 62025",N,hours
916,Alicia Brown,689-28-7966,"202 Vicki Route Sarahport, MT 77151",Y,miles
917,Charles Mathis,153-84-3386,"86835 Benjamin Parkways East Alejandro, NC 37569",N,miles
918,Samuel Davis,233-55-9868,"14575 Garcia Run Apt. 813 Micheleberg, NM 40651",Y,miles
919,Marie Dickerson,482-85-8705,"84635 Victor Grove West Alexander, VT 84252",N,miles
920,Mark Black,472-29-1651,"59792 Monica Extension Markberg, DE 47721",Y,miles
921,Kristen Sellers,800-26-6725,"513 Michael Crest Apt. 962 New Jamesport, CA 97434",N,miles
922,Briana Edwards,297-67-5994,"277 Santos Divide Apt. 719 Johnsonton, MH 03753",N,miles
923,Victoria Macias,355-41-0521,"45676 Gina Plain Suite 530 South Nicholasfort, NE 75244",Y,miles
924,David Stanley,221-23-4084,USNS Yoder FPO AA 14847,N,miles
925,Brandon Padilla,520-03-3067,"840 Heath Road Jenniferhaven, MA 10540",Y,hours
926,Keith Jones,124-56-8306,"60976 Hull Stream Davidside, WY 29380",N,miles
927,Denise Johnson,321-21-2264,"0072 Diaz Lodge Suite 388 Jeffreybury, ND 84124",Y,hours
928,Janice Skinner,874-21-8834,"41770 Joy Squares Levineport, VA 87627",N,miles
929,Jason Anderson,212-55-1520,"68804 David Knoll Suite 420 Tracymouth, NV 46439",N,miles
930,Tiffany Scott,100-50-7276,"1462 Whitehead Lake Suite 902 New Cory, VT 66049",N,hours
931,Brian Bonilla,010-95-8754,"261 Kenneth Square Apt. 583 North Anthony, CA 34544",Y,hours
932,Jason Brown,435-40-2698,Unit 7509 Box 9374 DPO AE 13816,N,hours
933,Virginia Simon,266-19-5489,"5478 Dakota Gardens Lynnborough, ND 26317",Y,miles
934,Andrew Finley,868-49-3629,"00278 Russell Walks Suite 007 Paulland, ME 80265",Y,miles
935,Marie Knox,330-54-5249,"72239 Ortega Bypass North Veronicashire, AL 63353",Y,hours
936,Joanna Baxter,796-84-3928,"0195 Robert Burgs Suite 815 West Coreyland, DC 99292",Y,hours
937,Joseph Smith,055-63-0216,"50800 Peterson Stravenue Apt. 461 North Brandonshire, AZ 53631",N,miles
938,Mrs. Debra Smith,184-88-0537,"06607 Mark Views Heatherchester, HI 58633",N,miles
939,Nicholas Williams,594-56-0925,"5148 Stephanie Wall South Shanefurt, MT 25254",Y,miles
940,Kathryn Bates,843-10-8025,"687 Kristine Wells Suite 808 Donnaside, LA 27229",N,hours
941,Dennis Hammond,703-42-1864,"4826 Kelly Wells Apt. 368 Johnberg, NJ 88062",Y,miles
942,Dennis Ward,007-10-4768,"307 Wang Harbor Lake Susanview, FM 77023",N,hours
943,Jared Alvarez,787-40-0997,"1612 Elizabeth Row Apt. 174 Markland, PW 43161",Y,hours
944,Amy Edwards,517-01-6926,"7023 Gina Green Emilyland, ME 98662",Y,hours
945,Ashley Bond,560-03-9607,"61527 Cody Parkways Apt. 604 Riversborough, GA 62010",N,miles
946,Eric Lyons,145-54-9008,"393 Williams Corner Apt. 336 West Angela, ND 64013",Y,miles
947,Todd Ballard,544-92-2008,"77888 James Gateway Apt. 788 East Patriciaville, OH 62705",Y,hours
948,Jacob Sims,369-49-4081,"100 Stephenson Mission Apt. 166 New Melissa, SC 30424",N,miles
949,Jennifer Willis,750-87-3023,"0567 Bradley Pike Meyerland, MI 79697",Y,miles
950,Michelle Moore,668-35-1598,"PSC 6362, Box 2351 APO AA 11035",Y,miles
951,Gail Smith,014-07-0144,"8015 Alexander Hills East Jessicahaven, MD 91497",N,miles
952,Bonnie Bowers,527-13-3592,"751 Jones Mountain Suite 690 Cindyborough, MS 94212",N,hours
953,April Campbell,728-28-0066,"99831 Emma Estates New Charlestown, VI 82170",Y,hours
954,Elizabeth Mcclain,759-25-8491,"PSC 9134, Box 1204 APO AE 78312",N,miles
955,Susan Horne,326-70-3697,"716 Nielsen River South Tyler, MS 26091",Y,miles
956,Randy Scott,425-68-4586,"40182 Porter Crest Paigeview, OR 14801",N,miles
957,Carla Harris,524-75-0059,"5529 Rose Harbors Apt. 544 Smithborough, MA 21896",N,hours
958,Scott Brown,549-64-3126,"91361 Allen Vista Erinton, LA 11392",Y,hours
959,Jonathan Rios,005-56-4779,"PSC 9733, Box 3568 APO AP 95372",N,miles
960,Scott Sullivan,559-25-9294,"88038 Ramos Vista Suite 464 Mirandamouth, IL 15667",Y,hours
961,Richard Wallace DDS,380-14-1895,"445 Phillip Ports Apt. 730 Michaelview, KY 51240",N,hours
962,Wendy Brown,388-76-6723,"024 Crystal Shores Apt. 206 Grahamchester, OR 24487",N,hours
963,Judy Rice,535-62-6088,"PSC 1102, Box 1025 APO AA 13886",Y,miles
964,David Williams,730-52-7040,"9151 Lauren Divide Apt. 001 West Gary, FL 77215",N,hours
965,Karen Anderson,702-89-4719,"94955 Curtis Island Suite 304 West Tammy, MO 48858",Y,hours
966,Dawn Brooks,156-44-6308,"4879 Cheryl Points Suite 939 Robinburgh, NH 20657",N,miles
967,Joseph Moore,670-86-6533,"882 Christina Throughway Matthewton, NC 32711",Y,miles
968,Elizabeth Richardson,540-67-1196,"421 Dawn Loop Lisamouth, AR 11037",N,hours
969,Jessica Myers,278-68-9405,"9363 Kara Road Suite 850 Dixonmouth, AZ 44628",Y,hours
970,Bobby Myers,316-70-7702,"56977 Norma Burgs Suite 107 Herreraburgh, IL 51007",N,hours
971,Henry Jordan,665-02-2020,"591 Wells Throughway Apt. 463 Bobbymouth, TN 90418",Y,miles
972,Joel Jones,772-12-5317,"25490 Beck Oval Apt. 818 North Jenniferfort, SD 60673",Y,miles
973,Shelby Robinson,487-47-5951,"188 Jennifer Shoal Lake David, IN 23030",Y,miles
974,Pamela Reyes,359-06-4675,"79841 Deborah Shoals Jonesstad, PA 16259",Y,miles
975,Michael Jimenez,166-74-6914,"PSC 8928, Box 7023 APO AA 18493",Y,miles
976,Stephen Holmes,481-30-7797,"9839 Larry Lock North Christopher, ND 58323",N,miles
977,Amanda Aguilar,562-88-3708,"54564 Rachael Walks Apt. 801 Port Rodney, NE 01739",N,miles
978,Eric Hardin,263-20-0702,"24786 Brown Islands North Louis, TX 91966",N,hours
979,Eric Hicks Jr.,587-07-0849,"22148 Figueroa Shoal Elizabethmouth, AK 73558",Y,hours
980,Megan Barber,711-12-8411,"280 Jones Ville West Alexisland, CT 70176",N,hours
981,Dawn Martin,895-33-7569,"453 Rodriguez Bypass Suite 538 Davidsonhaven, NY 58016",Y,hours
982,Glenn Warren,822-66-8765,"37308 Nancy Inlet Suite 246 Clarkberg, GA 99533",Y,miles
983,Jill Wagner,671-56-0052,"4023 Gary Crossroad Suite 981 Marshallmouth, OK 39790",N,miles
984,Jill Charles,570-94-4377,"61966 Evans Estates East Andrew, AR 27556",N,hours
985,Jason Garrison,154-65-4834,"876 Jose Greens Davidfurt, AK 10030",N,miles
986,Ethan Rangel,613-84-5519,"60053 Carroll Lock Apt. 890 Welchton, WA 84081",Y,hours
987,Christine Williams,105-72-1774,"9515 James Wells Rebeccamouth, MP 95084",Y,hours
988,Alexis Miller,174-20-8239,"543 Cuevas Rapids New Joshuafort, AZ 89753",N,miles
989,Sarah Vasquez,232-26-8411,"38980 Richard Isle Juanmouth, GU 83098",Y,hours
990,Alexis Mullins,473-96-7061,"368 Caldwell Road Carpenterland, NM 11506",N,miles
991,Alicia Wade,639-60-6904,"157 Katie Pike Apt. 002 Ryanville, AR 00644",Y,miles
992,Jonathan Smith,042-32-9397,"57951 Tracy Harbors Millerstad, MI 83172",Y,miles
993,Michael Charles,753-71-9973,"32342 Richards Isle Taylorhaven, CO 76396",Y,miles
994,Tyler Jones,036-25-2057,"407 Beth Estate Kristinaside, AR 01529",N,miles
995,Ryan Morris,554-50-7955,"8969 Payne Fields Charlesfurt, DE 47469",Y,hours
996,Yolanda Williams,837-89-8564,"702 Phyllis Grove East Davidfurt, AK 30322",Y,hours
997,Alexander Skinner,249-85-2531,"426 Mcdaniel Stream Suite 939 South Emily, FL 37616",N,miles
998,Jonathan Peters,064-47-0758,"71718 Dominguez Orchard Suite 234 Marquezshire, NY 31224",N,hours
999,Natalie Williamson,290-68-1363,"886 Heather Rest Jeffside, GU 76565",N,hours
1000,Steven Rogers,237-14-2017,"6252 Perez Overpass New Matthewstad, WA 36393",Y,miles
1001,Don Clark,186-13-2250,"2733 Rachel Turnpike Elizabethview, MO 87314",N,miles
1002,Melanie Jones,886-95-8965,"83166 Mary Circle Apt. 949 Port Luisfurt, DC 16331",Y,miles
1003,William Mcguire,132-56-8997,"7185 Mcintyre Stream Port John, LA 08220",N,miles
1004,Lisa Brown,356-08-2008,"6861 Mcguire Heights Apt. 643 Joshuaville, PA 74497",N,miles
1005,Brandon Robinson,438-89-6548,USNS Allen FPO AA 25447,N,miles
1006,Robert Davis,876-35-8825,"970 Kelly Road Williamsbury, AZ 69558",Y,hours
1007,Robyn Martin,256-61-4571,"3718 Ross Mission Suite 913 West Jasonton, MI 25558",Y,miles
1008,Jennifer Lewis,272-49-8353,"9081 Elizabeth Route Suite 957 South Terri, RI 07632",N,hours
1009,Tami Green PhD,300-81-1989,"7653 Carol Brook Apt. 903 Matthewborough, CA 51339",Y,miles
